n_obs,ic_mean_1,ic_std_1,ic_t_1,ic_posmonths_1,ic_nmonths_1,ic_mean_5,ic_std_5,ic_t_5,ic_posmonths_5,ic_nmonths_5,ic_mean_21,ic_std_21,ic_t_21,ic_posmonths_21,ic_nmonths_21,q_top,q_bot,q_spread,q_monotone_steps,turnover_top,conc_best_month,conc_posmonths,conc_nmonths,factor,fold
9315,-0.029781230975371432,0.2810241958966922,-2.480785474192356,21.052631578947366,19,-0.03447652783741235,0.27557603929581104,-2.9286828661276654,36.84210526315789,19,-0.060973057106054114,0.2833964708372389,-5.036557681590975,47.368421052631575,19,-1.6151659232505708,-1.737891581100141,0.12272565784957022,2,0.12111517367458867,36.01270902703161,31.57894736842105,19,XSMomentum,1
9316,-0.023919451957194814,0.293570563294324,-1.9073438702173418,38.88888888888889,18,-0.03909939888364105,0.2812655032060854,-3.254197371564782,38.88888888888889,18,-0.08881658568873665,0.30617540280288513,-6.790692348664279,38.88888888888889,18,-0.9932568017692012,0.7387810045777982,-1.7320378063469994,0,0.12751371115173674,43.78141458483367,27.77777777777778,18,XSMomentum,2
9316,-0.013899252931000411,0.28980445978902597,-1.1227334780077838,42.10526315789473,19,-0.02155342063832833,0.28442791771326953,-1.7739209473485142,47.368421052631575,19,-0.033982608302161585,0.29693248252739424,-2.679102191681806,47.368421052631575,19,-1.2307566098941451,-0.34790856714070256,-0.8828480427534426,2,0.12614259597806216,42.26747256726905,26.31578947368421,19,XSMomentum,3
9316,0.0016526350717844937,0.30006868296700073,0.12892780003500295,50.0,18,0.012854229282954063,0.297406426016788,1.0117797275306293,50.0,18,0.04019532929623545,0.28391391936819793,3.3142036027818103,55.55555555555556,18,1.456524851237271,-1.913619582333724,3.370144433570995,3,0.1256855575868373,28.25694249614686,50.0,18,XSMomentum,4
9316,-0.0034282293907888606,0.29794575808231016,-0.269353700502811,36.84210526315789,19,0.007053277515385716,0.3059326484560453,0.5397037362390382,42.10526315789473,19,0.031004007442393018,0.26899072016875464,2.698179349200322,57.89473684210527,19,0.6589682717893564,-1.4497030892639822,2.108671361053339,4,0.1183729433272395,31.921407070939594,47.368421052631575,19,XSMomentum,5
9315,-0.009527550085555584,0.3037618362416026,-0.7342404563757116,44.44444444444444,18,-0.006330506655216839,0.31545062125936923,-0.4697830702397184,44.44444444444444,18,-0.016799055388578794,0.2990195035581505,-1.3151510170214293,50.0,18,-0.3447171848732588,0.7468156104975575,-1.0915327953708163,1,0.11669713589274831,25.95590137734784,50.0,18,XSMomentum,6
9316,-0.005734929260464933,0.3094477353942881,-0.4338414428363356,42.10526315789473,19,-0.023239587805925294,0.3076224605326855,-1.7684820597699682,36.84210526315789,19,-0.054748998139401754,0.2975845688323427,-4.3068133280477925,42.10526315789473,19,-2.466920479268899,2.6649392493132535,-5.131859728582152,0,0.1170018281535649,33.85567732617063,47.368421052631575,19,XSMomentum,7
27929,-0.011144043073823849,0.29722598545389617,-1.5197592245931326,38.18181818181819,55,-0.014789123196448392,0.2943507301151473,-2.036554754960667,41.81818181818181,55,-0.025014869223309966,0.29190437433827837,-3.4735728795638967,49.09090909090909,55,-0.8735509439779859,-0.3294216850528342,-0.5441292589251517,2,0.121396670726756,12.97781264649786,43.63636363636363,55,XSMomentum,pooled
9315,-0.00682806886353106,0.25915007875087187,-0.6167892936987238,47.368421052631575,19,-0.007996099899813942,0.25951526535769137,-0.7212828089666258,52.63157894736842,19,0.00046693860025762124,0.2634780229795869,0.0414863913956904,57.89473684210527,19,0.4699913405758065,0.654101267392545,-0.18410992681673846,3,0.7670627666057283,40.07072632239222,42.10526315789473,19,NOISE,1
9316,-0.016760801080505438,0.24649097998214695,-1.5917835770281779,38.88888888888889,18,-0.0077286389008158025,0.25414222421876015,-0.7118958632745397,38.88888888888889,18,-0.0010600591552936364,0.2534258617074097,-0.09791955893316132,61.111111111111114,18,-0.19179371176581095,0.3203743668953328,-0.5121680786611438,1,0.7637111517367459,31.953384809941475,44.44444444444444,18,NOISE,2
9316,-0.009367153968182216,0.24316156055339852,-0.9017850186974958,47.368421052631575,19,-0.0075855159582081,0.2536483357693252,-0.7000730967897636,36.84210526315789,19,-0.007429030101336288,0.24543053067523768,-0.7085880287559302,47.368421052631575,19,-0.05357551809501846,0.047115064025679436,-0.1006905821206979,2,0.7682815356489945,23.185440117496327,52.63157894736842,19,NOISE,3
9316,-0.014332060209518972,0.24206997260446136,-1.3859832514534132,38.88888888888889,18,-0.005738335480177474,0.24846667900811922,-0.5406398560212394,44.44444444444444,18,0.011355856115924337,0.25048897723645586,1.0612593778187214,61.111111111111114,18,0.332571005234918,-0.22943791168712485,0.5620089169220428,4,0.7627970749542962,27.360395575551916,61.111111111111114,18,NOISE,4
9316,-0.011004451793889947,0.24755852437440184,-1.0405927750212485,47.368421052631575,19,-0.02136109918419923,0.24616437373365926,-2.0313683245219543,36.84210526315789,19,0.0020573922999856877,0.25312022636346326,0.19027447798959246,52.63157894736842,19,0.2335513890707143,-0.06558070364110005,0.29913209271181435,3,0.7755941499085923,39.25609952396648,57.89473684210527,19,NOISE,5
9315,-0.005458242734918606,0.24757565204220264,-0.5161015853141926,38.88888888888889,18,-0.018121153570917422,0.24918502857163935,-1.7023708510856654,50.0,18,0.013814047516816948,0.25730530416239816,1.2567893325254877,66.66666666666666,18,0.11193918526467002,0.06955083697761835,0.04238834828705166,2,0.7775746496039,31.666751616420274,55.55555555555556,18,NOISE,6
9316,0.002830336013618973,0.25833435852085357,0.2564756300756511,47.368421052631575,19,-0.012044690138829256,0.25216944787195206,-1.1181329441954257,42.10526315789473,19,0.0071114212108200955,0.2464345188766188,0.6755307786491512,57.89473684210527,19,-0.10583328686525867,0.2709017578827929,-0.37673504474805153,2,0.7755941499085923,19.827756494217173,52.63157894736842,19,NOISE,7
27929,-0.0063162323395149845,0.25318691705672874,-1.011196640440886,45.45454545454545,55,-0.009104877495733535,0.2527058952576104,-1.4604191364698282,43.63636363636363,55,0.005931264744404108,0.25310476161040746,0.9498735084466886,58.18181818181818,55,0.22665959049256856,0.2400237247143847,-0.013364134221816124,3,0.768371904181892,19.483674839400873,52.72727272727272,55,NOISE,pooled
9315,0.2016951178376705,0.27790940474946946,16.989571330810985,100.0,19,0.4576526048375555,0.23181932703683764,46.21432105297698,100.0,19,1.0,0.0,,100.0,19,36.602325433656475,-22.36492602092122,58.9672514545777,4,0.1686471663619744,20.582594586295837,100.0,19,ORACLE,1
9316,0.1982673001831458,0.2850961829651768,16.27983389055578,100.0,18,0.4416086778181555,0.2472533310618352,41.81053520802512,100.0,18,1.0,0.0,,100.0,18,21.105951531846458,-14.948963687941955,36.054915219788406,4,0.16270566727605118,20.145755400791625,100.0,18,ORACLE,2
9316,0.20244920657942772,0.2802811600998797,16.908786943304104,100.0,19,0.44572793501008334,0.248416903946083,42.00287209319781,100.0,19,1.0,0.0,,100.0,19,14.977960991766976,-11.91379424736229,26.891755239129267,4,0.16590493601462522,9.586720270521072,100.0,19,ORACLE,3
9316,0.19634848142756378,0.28204739645863547,16.296552153227832,100.0,18,0.4470428770452916,0.25450621528192635,41.11886004232647,100.0,18,1.0,0.0,,100.0,18,16.43604422097208,-12.098500940977127,28.53454516194921,4,0.15493601462522852,9.85171698675908,100.0,18,ORACLE,4
9316,0.20515772172413807,0.288937518156689,16.621652892067452,100.0,19,0.4662319307284959,0.25269899394364526,43.190554523453784,100.0,19,1.0,0.0,,100.0,19,17.48707101913569,-12.510309521834031,29.997380540969722,4,0.15813528336380256,11.278389538521164,100.0,19,ORACLE,5
9315,0.1992980953379915,0.3003922543766443,15.531188735541187,100.0,18,0.4729282954057536,0.25798948391501614,42.91247606693878,100.0,18,1.0,0.0,,100.0,18,23.95263180795394,-16.138324553054147,40.09095636100809,4,0.16940889701401582,25.288197316483174,100.0,18,ORACLE,6
9316,0.20629851795339105,0.3067779965886545,15.74208236263023,100.0,19,0.47034224273651065,0.2669682849113705,41.242463001875706,100.0,19,1.0,0.0,,100.0,19,22.30074339760805,-15.726502580291186,38.027245977899234,4,0.17093235831809872,25.092855824147755,100.0,19,ORACLE,7
27929,0.20160339756335424,0.28895229830011054,28.28072087584679,100.0,55,0.4580836624498682,0.25145910139167627,73.84077146705684,100.0,55,1.0,0.0,,100.0,55,25.113774514207382,-16.730918737209148,41.84469325141653,4,0.16483962647178235,10.083060432453149,100.0,55,ORACLE,pooled
