strategy,start,end,tag,days,trades,exposure,strat_pct,universe_pct,excess_pp,scaled_pct,excess_vs_scaled_pp,months_beaten,passes,passes_scaled
BBRSIBaseline,2019-01-01,2020-09-01,2026-09-28_21-41-05,610,2302,0.29788055864949614,-28.686876758394963,26.41178329160523,-55.09866005000019,15.06413573506482,-43.75101249345978,6/20,False,False
BBRSIStrategy,2019-01-01,2020-09-01,2026-09-28_21-42-28,610,2302,0.29788055864949614,-28.686876758394963,26.41178329160523,-55.09866005000019,15.06413573506482,-43.75101249345978,6/20,False,False
BBRSIStrategy,2021-01-01,2022-07-02,2026-09-28_22-07-54,548,1620,0.1170109487415037,-23.16347908350017,210.68207141262062,-233.84555049612078,15.309542489965033,-38.4730215734652,7/19,False,False
BBRSIStrategy,2021-07-02,2022-12-31,2026-09-28_21-58-13,548,1362,0.07866704616179394,6.7723382488329875,-11.591393812385963,18.36373206121895,1.1264893879391336,5.645848860893854,8/18,True,True
BBRSIStrategy,2022-01-01,2023-07-02,2026-09-28_21-59-55,548,19,0.0013611797687919781,-0.2944976459999693,-60.70427923107125,60.40978158507128,0.7033707708255399,-0.9978684168255092,11/19,True,False
BBRSIStrategy,2022-07-02,2022-12-31,2026-09-28_21-56-35,183,556,0.15230510683939572,-14.625907034908536,-11.058579235663524,-3.5673277992450125,-0.47284233467695946,-14.153064700231576,3/6,False,False
BBRSIStrategy,2022-07-02,2023-12-31,2026-09-28_22-01-54,548,1152,0.2593033834303186,-2.9562220653175486,82.41350753431173,-85.36972959962928,21.069561903302116,-24.025783968619663,8/18,False,False
BBRSIStrategy,2022-12-31,2023-07-01,2026-09-28_21-58-19,183,515,0.1039526484704391,-1.4712106068361708,34.3149730022813,-35.78618360911747,3.535348826735274,-5.006559433571445,3/6,False,False
BBRSIStrategy,2023-01-01,2024-07-01,2026-09-28_22-03-43,548,1672,0.123162856013275,3.6530369712097555,115.43292685525341,-111.77988988404366,10.987618430763458,-7.334581459553702,5/18,False,False
BBRSIStrategy,2023-07-02,2023-12-31,2026-09-28_22-00-00,183,2,0.0004847335483955753,0.014512575000003025,58.244211968899286,-58.22969939389928,0.024576512886653745,-0.01006393788665072,1/6,False,False
BBRSIStrategy,2023-07-02,2024-12-30,2026-09-28_22-05-35,548,2512,0.12103030418738656,0.10646840289629811,165.93655981086255,-165.83009140796625,13.811391503369563,-13.704923100473266,6/18,False,False
BBRSIStrategy,2023-12-31,2024-06-30,2026-09-28_22-02-01,183,422,0.23695986694916849,-1.1682773345772723,21.736042950560332,-22.9043202851376,5.969826494953301,-7.138103829530573,3/6,False,False
BBRSIStrategy,2024-01-01,2025-07-01,2026-09-28_22-07-26,548,293,0.040229552435231596,-11.131945735499936,89.54344695243124,-100.67539268793118,3.2178287044039022,-14.34977443990384,7/18,False,False
BBRSIStrategy,2024-07-01,2024-12-30,2026-09-28_22-03-50,183,498,0.13614193519847248,-8.190574137038354,85.38671939328006,-93.57729353031841,9.84557968166282,-18.036153818701173,1/6,False,False
BBRSIStrategy,2024-12-30,2025-06-30,2026-09-28_22-05-42,183,849,0.12745042682001806,-8.63364810050018,-11.486501124272452,2.8528530237722727,0.5243290097256104,-9.15797711022579,4/7,True,False
BBRSIStrategy,2025-07-01,2025-12-30,2026-09-28_22-07-32,183,99,0.03879110801759277,-7.010233143500066,22.829153361697998,-29.839386505198064,1.0368951864894393,-8.047128329989505,2/6,False,False
Strategy005,2018-09-13,2020-09-01,2026-09-28_15-33-51,720,76,0.008204500395104666,-4.163399999999973,30.46177140519606,-34.62517140519603,0.46726169028072917,-4.630661690280702,9/24,False,False
Strategy005v0,2018-09-13,2020-09-01,2026-09-28_21-53-50,720,1098,0.059168106768852806,4.860200000000048,30.46177140519606,-25.60157140519601,3.324324040225868,1.53587595977418,9/24,False,True
Strategy005v0,2020-08-20,2020-09-09,2026-09-28_15-38-24,21,540,0.11208132395899639,-1.0271061754915434,0.02956256382158351,-1.0566687393131269,0.06742942292232712,-1.0945355984138705,1/2,False,False
Strategy005v0,2021-01-01,2022-07-02,2026-09-28_21-54-18,548,479,0.019910065639094258,-27.971647108000074,205.70518482141696,-233.67683192941703,2.435396505727039,-30.407043613727115,6/19,False,False
Strategy005v0,2021-01-01,2026-01-01,2026-09-28_22-42-11,1827,1962,0.05288548699495808,-26.15475343000003,394.5826993007968,-420.73745273079675,9.56977071831222,-35.724524148312256,25/60,False,False
Strategy005v0,2022-07-02,2022-12-31,2026-09-28_21-56-40,183,240,0.05096453518599863,-16.198923468499913,-11.058579235663524,-5.140344232836391,-0.10673766521611672,-16.092185803283797,3/6,False,False
Strategy005v0,2022-12-31,2023-07-01,2026-09-28_21-58-25,183,242,0.04348390712213659,5.6514886159998445,34.3149730022813,-28.663484386281457,1.4756044082271158,4.175884207772729,4/6,False,True
Strategy005v0,2023-07-02,2023-12-31,2026-09-28_22-00-06,183,221,0.04621238018132675,0.392303806500105,58.244211968899286,-57.85190816239918,2.3597735401879483,-1.9674697336878433,1/6,False,False
Strategy005v0,2023-12-31,2024-06-30,2026-09-28_22-02-06,183,201,0.02724274619748289,-3.1323655614999724,21.736042950560332,-24.868408512060302,0.705020172138604,-3.8373857336385764,3/6,False,False
Strategy005v0,2024-07-01,2024-12-30,2026-09-28_22-03-55,183,214,0.033014423924950145,-9.073875198500003,85.38671939328006,-94.46059459178007,2.3327358113434338,-11.406611009843438,1/6,False,False
Strategy005v0,2024-12-30,2025-06-30,2026-09-28_22-05-48,183,312,0.0408608113983988,-12.214071200000088,-11.486501124272452,-0.7275700757276349,0.2341823515529473,-12.448253551553034,4/7,False,False
Strategy005v0,2025-07-01,2025-12-30,2026-09-28_22-07-38,183,243,0.04436461812599908,-3.2960506305001136,22.829153361697998,-26.12520399219811,1.185193787874761,-4.4812444183748745,2/6,False,False
Trend4h,2021-01-01,2026-01-01,2026-09-28_22-46-45,1827,1014,0.14100922776161917,-30.528179348247917,387.86190749151774,-418.39008683976573,27.25448333549614,-57.78266268374406,25/60,False,False
TrendBaseline,2021-01-17,2026-01-01,2026-09-28_22-43-45,1811,1625,0.14281599796730243,-6.877478231324896,338.63299601809945,-345.51047424942436,26.552454382122814,-33.42993261344771,21/60,False,False
TrendDaily,2021-01-02,2026-01-01,2026-09-28_22-45-49,1826,484,0.0767075279556485,-36.02420999249982,399.297168041707,-435.3213780342069,13.779871904624596,-49.80408189712442,23/60,False,False
TrendVolTarget,2021-01-01,2022-07-02,2026-09-28_23-08-48,548,145,0.031273899813992284,15.090900845,199.17359179840975,-184.08269095340975,3.793134371579354,11.297766473420644,8/19,False,True
TrendVolTarget,2021-01-01,2026-01-01,2026-09-29_14-27-39,1827,668,0.04475252450197551,-10.186429987001233,387.86190749151774,-398.048337478519,8.016965100670447,-18.20339508767168,22/60,False,False
TrendVolTarget,2021-07-02,2022-12-31,2026-09-28_23-10-00,548,79,0.04229456881792028,4.453808449000007,-16.49431346350636,20.948121912506366,0.4054675730018831,4.048340875998124,8/18,True,True
TrendVolTarget,2022-01-01,2023-07-02,2026-09-28_23-11-09,548,80,0.05845214813339294,-0.9331324959999554,-64.75984435120856,63.82671185520861,99.55908752706688,-100.49222002306684,11/19,True,False
TrendVolTarget,2022-07-02,2022-12-31,2026-09-28_23-08-54,183,35,0.028625532626032173,-3.645071192999927,-11.585141234509667,7.940070041509739,-0.07035531695315234,-3.5747158760467745,3/6,True,False
TrendVolTarget,2022-07-02,2023-12-31,2026-09-28_23-12-27,548,110,0.0893999971847614,9.858667415499966,80.88010649288498,-71.02143907738501,7.042296775554879,2.816370639945087,6/18,False,True
TrendVolTarget,2022-12-31,2023-07-01,2026-09-28_23-10-05,183,47,0.0880943018186641,-3.278251573000124,33.98289794157188,-37.261149514572,2.9727509818429976,-6.251002554843121,2/6,False,False
TrendVolTarget,2023-01-01,2024-07-01,2026-09-28_23-13-43,548,118,0.08894741704799393,9.613439269500045,114.21618149323893,-104.60274222373889,7.806660160109891,1.8067791093901553,6/18,False,True
TrendVolTarget,2023-07-02,2023-12-31,2026-09-28_23-11-15,183,52,0.12810340083530689,5.8654563008742056,57.51036908011038,-51.64491277923617,6.564234783943035,-0.6987784830688293,1/6,False,False
TrendVolTarget,2023-07-02,2024-12-30,2026-09-28_23-14-58,548,153,0.11485699541429452,16.762373250368757,163.96813778257794,-147.2057645322092,12.981054783099633,3.7813184672691236,5/18,False,True
TrendVolTarget,2023-12-31,2024-06-30,2026-09-28_23-12-32,183,36,0.07424942263107201,0.4815646229999748,20.726576600458536,-20.24501197745856,1.8463752185469806,-1.3648105955470058,3/6,False,False
TrendVolTarget,2024-01-01,2025-07-01,2026-09-28_23-16-11,548,57,0.03356457884854348,12.306324458500084,86.55205836724255,-74.24573390874247,2.62523181903187,9.681092639468215,8/18,False,True
TrendVolTarget,2024-07-01,2024-12-30,2026-09-28_23-13-48,183,35,0.0830700723561132,14.214075959000084,86.4969142290854,-72.28283827008532,6.000321025898536,8.213754933101548,2/6,False,True
TrendVolTarget,2024-12-30,2025-06-30,2026-09-28_23-15-04,183,29,0.06356982862921819,-1.6004534434999051,-13.261309618576767,11.660856175076862,0.24541470089249895,-1.845868144392404,4/7,True,False
TrendVolTarget,2025-07-01,2025-12-30,2026-09-28_23-16-17,183,14,0.02800010972537616,4.105433621500065,22.806241443463993,-18.700807821963927,0.7490542956092083,3.356379325890857,3/6,False,True
XSMomentum,2021-01-02,2022-07-02,2026-09-29_11-30-18,547,391,0.13210996650234452,23.46456653000013,208.37341829055455,-184.90885176055443,16.44674007514899,7.017826454851139,8/19,False,True
XSMomentum,2021-01-02,2026-01-01,2026-09-29_14-57-16,1826,1028,0.12154134280976718,50.25043930049975,399.297168041707,-349.04672874120723,22.595627725183,27.65481157531675,26/60,False,True
XSMomentum,2021-07-03,2022-12-31,2026-09-29_11-31-12,547,201,0.05850370968406167,-4.985789587999978,-18.58609202763313,13.60030243963315,0.3710597130203164,-5.356849301020294,8/18,True,False
XSMomentum,2022-01-02,2023-07-02,2026-09-29_11-32-06,547,156,0.08664515719748296,-8.537240181500005,-66.66406221897658,58.12682203747658,602.5739092041181,-611.1111493856181,12/19,True,False
XSMomentum,2022-07-03,2022-12-31,2026-09-29_15-15-21,182,110,0.18991290736310415,-6.928771652499965,-10.425993522992394,3.4972218704924285,-0.6296681223177836,-6.299103530182181,3/6,True,False
XSMomentum,2022-07-03,2023-12-31,2026-09-29_11-33-10,547,304,0.29180168646119586,42.790961427499894,83.45333927526323,-40.662377847763345,23.893656056725465,18.897305370774433,6/18,False,True
XSMomentum,2023-01-01,2023-07-01,2026-09-29_15-15-26,182,121,0.31865870314577577,7.411583503500108,33.53435771201767,-26.122774208517562,10.378505162106165,-2.9669216586060587,3/6,False,False
XSMomentum,2023-01-02,2024-07-01,2026-09-29_11-34-13,547,220,0.21297470222079007,36.31986985149971,114.12289379151437,-77.80302394001465,18.779744278437004,17.540125573062703,7/18,False,True
XSMomentum,2023-07-03,2023-12-31,2026-09-29_15-15-32,182,92,0.32309562497406874,39.91007103399981,58.59276504696342,-18.68269401296361,17.229302566627112,22.6807684673727,1/6,False,True
XSMomentum,2023-07-03,2024-12-30,2026-09-29_11-35-10,547,426,0.23080255424754967,51.18850410750015,165.52658123530284,-114.33807712780268,27.624319548674812,23.56418455882534,6/18,False,True
XSMomentum,2024-01-01,2024-06-30,2026-09-29_15-15-37,182,130,0.21872710311527122,-0.026380253999869208,19.58885382681426,-19.615234080814126,4.187189831995464,-4.2135700859953324,3/6,False,False
XSMomentum,2024-01-02,2025-07-01,2026-09-29_11-36-04,547,295,0.19728235652460416,13.359713914500016,88.1854493322051,-74.82573541770508,16.58975080533174,-3.2300368908317223,7/18,False,False
XSMomentum,2024-07-02,2024-12-30,2026-09-29_15-15-42,182,105,0.27835979159453156,16.822923460999984,85.57199283144958,-68.7490693704496,20.373150537917063,-3.5502270769170785,1/6,False,False
XSMomentum,2024-12-31,2025-06-30,2026-09-29_15-15-48,182,126,0.22120012552249865,-6.403374207500001,-13.816855112154913,7.413480904654913,0.10617104579486725,-6.509545253294869,3/6,True,False
XSMomentum,2025-07-02,2025-12-30,2026-09-29_15-15-54,182,85,0.31827952521310116,35.932025314000036,22.104615196213494,13.827410117786542,5.987374544736568,29.94465076926347,3/6,True,True
XSMomentum,2026-01-02,2026-09-27,2026-09-29_15-17-08,269,123,0.1731329742771923,6.071126362999779,27.863448613093468,-21.792322250093687,6.346264467075402,-0.2751381040756229,3/9,False,False
