pair,fold,q,k,n,mean_pct,hold,long_frac,drift_matched,implied_drift,rnd_p5,rnd_med,rnd_p95
UNI/BTC,1,0.0001,1.0,18,3.0326376461123994,22.555555555555557,0.6111111111111112,5.02191637564234,1.1159814168094095,-7.5351271814964464,-0.7010191574376397,6.026825377522629
UNI/BTC,1,0.0001,1.5,16,-0.05460095746776261,24.125,0.625,4.979709406663282,1.2449273516658206,-8.43946113792008,-0.6635590879647706,6.016007225927961
UNI/BTC,1,0.0001,2.0,12,1.6876542498028506,28.416666666666668,0.6666666666666666,4.456537584709575,1.4855125282365247,-9.489729803342227,-1.7960656678581841,7.130630197834569
UNI/BTC,1,0.0001,2.5,12,3.8591493137661232,27.75,0.6666666666666666,4.456537584709575,1.4855125282365247,-9.718856795370696,-2.462997612013482,6.857271593479125
UNI/BTC,1,0.001,1.0,22,3.330011785151174,16.818181818181817,0.6363636363636364,4.31968294401588,1.1780953483679673,-6.299606424470741,-0.4868380718922656,4.918841750980361
UNI/BTC,1,0.001,1.5,16,2.224959225079487,19.0625,0.75,4.6810325404566715,2.3405162702283357,-7.025603375010142,-1.4898820338986472,5.575054389343886
UNI/BTC,1,0.001,2.0,10,1.143699126311945,24.4,0.8,4.979709406663282,2.98782564399797,-10.453660481990239,-1.5264950415434493,7.670210332702783
UNI/BTC,1,0.001,2.5,7,5.386483174792582,23.0,0.8571428571428571,5.02191637564234,3.5870831254588142,-11.618365962045589,-1.734244337569446,10.21715751741772
UNI/BTC,1,0.01,1.0,31,4.7609253459495156,9.64516129032258,0.6129032258064516,2.5221000403583513,0.5695064607260794,-3.9039716428796827,-0.13430136997561043,3.982697884549152
UNI/BTC,1,0.01,1.5,19,4.156801573451184,10.736842105263158,0.6842105263157895,2.8301963754363606,1.0427039277923436,-5.597061199715223,-0.6343969379229913,4.609833666185444
UNI/BTC,1,0.01,2.0,9,5.210862268880327,12.666666666666666,0.7777777777777778,3.408076673387707,1.8933759296598371,-7.99452905638506,-0.7977706103894175,7.822091282632649
UNI/BTC,1,0.01,2.5,6,15.014675950226392,12.666666666666666,0.8333333333333334,3.408076673387707,2.272051115591805,-11.279231893688094,-1.3990264266638088,9.165820074077903
UNI/BTC,2,0.0001,1.0,17,2.58498365452607,24.352941176470587,0.6470588235294118,-0.9095009073980244,-0.2675002668817719,-7.024872899892552,-1.064675561702379,6.988278007412311
UNI/BTC,2,0.0001,1.5,15,-0.059614594908852445,24.933333333333334,0.6666666666666666,-0.9069586490077839,-0.3023195496692612,-7.9610192795666705,-0.45417693191702285,7.603654012385632
UNI/BTC,2,0.0001,2.0,13,-3.450925154636034,25.076923076923077,0.7692307692307693,-0.9069586490077839,-0.4883623494657299,-9.908449045811135,-0.27005176025918953,8.63365080568916
UNI/BTC,2,0.0001,2.5,10,1.6478065421450236,29.7,0.8,-0.8005492871629133,-0.48032957229774803,-10.835321604440045,-0.6337992796097432,10.033779362562212
UNI/BTC,2,0.001,1.0,22,-1.8767454543567497,15.772727272727273,0.5,-0.8333823835768058,-0.0,-5.644526048141792,0.2825447594851701,5.039181698753371
UNI/BTC,2,0.001,1.5,15,-1.6457207176714979,19.533333333333335,0.6,-0.8679105142051037,-0.17358210284102069,-7.079724402457667,0.002981571282728683,6.5358430619541705
UNI/BTC,2,0.001,2.0,12,-0.9616668461119663,22.0,0.5833333333333334,-0.8974370834701679,-0.14957284724502806,-9.208768183509212,-0.9291277054110472,7.795767096138986
UNI/BTC,2,0.001,2.5,8,0.7145684094403053,22.125,0.75,-0.8974370834701679,-0.44871854173508396,-11.483520933273027,-0.6253463270287407,9.83343292736057
UNI/BTC,2,0.01,1.0,33,0.7548811469779967,9.848484848484848,0.5757575757575758,-0.5890912787549798,-0.08925625435681517,-2.7141191885293736,0.00548233092303838,3.514669794721015
UNI/BTC,2,0.01,1.5,19,-1.9879223603100022,10.894736842105264,0.631578947368421,-0.6474141046596412,-0.1703721328051687,-4.864611931853667,-0.1656237358153481,4.973438697254568
UNI/BTC,2,0.01,2.0,10,-8.224436863304428,16.4,0.6,-0.8333823835768058,-0.16667647671536112,-6.740546745288457,-0.36410175043181153,7.739071042749852
UNI/BTC,2,0.01,2.5,5,-0.05695431253497887,18.2,0.8,-0.8615088496153362,-0.5169053097692018,-10.142323609939456,-0.929051317196012,11.441626058968103
UNI/BTC,3,0.0001,1.0,16,-0.9677581041632126,26.625,0.5625,-2.1666927447747852,-0.27083659309684815,-8.572774001576569,-0.12922110660396213,9.115135263584117
UNI/BTC,3,0.0001,1.5,15,-0.440548189469074,27.0,0.6,-2.1666927447747852,-0.43333854895495694,-8.297834260529955,-0.011250839837789281,7.754046171333869
UNI/BTC,3,0.0001,2.0,12,1.0729028711456163,27.583333333333332,0.6666666666666666,-2.166910173753567,-0.7223033912511889,-10.314573876007184,-1.017434418210666,9.918841425304858
UNI/BTC,3,0.0001,2.5,8,0.49066368755774725,29.5,0.75,-2.1764944692628365,-1.0882472346314183,-12.095840701338881,-1.16330640883685,15.099685818950666
UNI/BTC,3,0.001,1.0,18,-3.271068397022565,20.666666666666668,0.5555555555555556,-1.9612777914365798,-0.21791975460406451,-6.069165592530078,-0.44822469761788264,5.898534888394563
UNI/BTC,3,0.001,1.5,16,-1.799316117189794,21.6875,0.625,-2.0296476934372665,-0.5074119233593166,-5.984047774211638,0.19935131261631053,6.587945762582749
UNI/BTC,3,0.001,2.0,14,-1.9494783616609284,22.071428571428573,0.6428571428571429,-2.0296476934372665,-0.5798993409820763,-6.417732673696215,0.15424391934517084,8.147024993639642
UNI/BTC,3,0.001,2.5,10,-1.4351184388332463,23.0,0.8,-2.0920049603491253,-1.2552029762094754,-7.8266682027639245,0.07041301025822096,8.600576309726236
UNI/BTC,3,0.01,1.0,30,-0.25458354279638384,10.866666666666667,0.6333333333333333,-1.078875849165958,-0.2877002264442554,-4.26308335040628,-0.14883803733551454,3.0261438032101107
UNI/BTC,3,0.01,1.5,15,-3.522512743314302,14.533333333333333,0.7333333333333333,-1.4665586154389747,-0.684394020538188,-5.59093318431307,-0.15831468053865858,4.902148522131313
UNI/BTC,3,0.01,2.0,9,-8.488264140323945,18.444444444444443,0.6666666666666666,-1.750046032550813,-0.5833486775169375,-6.868588745640931,-0.0949055462375836,9.262098673656478
UNI/BTC,3,0.01,2.5,5,-0.14247940941302986,18.8,0.8,-1.8177040483014903,-1.0906224289808943,-9.650583326943812,-0.9525563233842094,10.265856882970905
UNI/BTC,4,0.0001,1.0,18,0.4886244608953754,21.166666666666668,0.7222222222222222,-1.8203787721894407,-0.8090572320841958,-5.527526553413872,-0.9991718111754597,3.3952784300861136
UNI/BTC,4,0.0001,1.5,14,1.820118632934531,23.928571428571427,0.7857142857142857,-2.1499317322337093,-1.2285324184192623,-6.419310521896669,-1.977164899851104,4.542096940408631
UNI/BTC,4,0.0001,2.0,11,-0.6706226794608537,27.0,0.8181818181818182,-2.6184027551489617,-1.6662562987311578,-7.874177530941146,-2.361392507586789,3.8487772748216615
UNI/BTC,4,0.0001,2.5,10,-1.6103626447390824,28.4,0.9,-2.7892405966009868,-2.2313924772807896,-10.663294887613457,-2.9752678579808673,3.417085865294779
UNI/BTC,4,0.001,1.0,19,1.909603112806139,18.736842105263158,0.631578947368421,-1.6228846342094796,-0.4270749037393366,-4.421963420498831,-0.5268625969779215,4.020321894859437
UNI/BTC,4,0.001,1.5,15,1.2438504489313666,21.066666666666666,0.6666666666666666,-1.8203787721894407,-0.6067929240631468,-5.145405469666262,-0.43157824075249973,3.867044817755398
UNI/BTC,4,0.001,2.0,9,-4.54654050622996,22.22222222222222,0.7777777777777778,-1.9202531173952548,-1.0668072874418082,-6.99534701482556,-1.3385643777309162,4.703504076175516
UNI/BTC,4,0.001,2.5,7,-4.9518880060456505,25.714285714285715,0.8571428571428571,-2.435007591388178,-1.7392911367058412,-8.933343083535854,-1.996798764806917,5.160298120802374
UNI/BTC,4,0.01,1.0,27,0.8839400287658471,11.222222222222221,0.5925925925925926,-0.6190340880359733,-0.1146359422288839,-2.6407368440321077,0.0674228459414836,2.336087872178961
UNI/BTC,4,0.01,1.5,16,-0.819801459244597,15.625,0.5625,-1.2912505217607515,-0.16140631522009394,-5.043168270323408,-0.06565385062877044,3.7670216381397528
UNI/BTC,4,0.01,2.0,10,-0.6612296170069655,15.7,0.5,-1.2912505217607515,-0.0,-4.793349093692717,-0.08769860274087367,4.871316408567838
UNI/BTC,4,0.01,2.5,4,0.8499521270213304,18.0,0.75,-1.5261930848267087,-0.7630965424133543,-9.512566303314493,-0.34390249591301914,6.925325119138148
UNI/BTC,5,0.0001,1.0,16,7.917990524901162,24.3125,0.8125,-1.797481432680783,-1.1234258954254894,-7.684739042402388,0.09885125431793185,7.653237157048532
UNI/BTC,5,0.0001,1.5,14,8.35721903550985,25.857142857142858,0.9285714285714286,-1.9689072957195606,-1.6876348249024806,-8.883905654023605,-1.3360132638316953,6.973124308493024
UNI/BTC,5,0.0001,2.0,12,5.835871860422199,26.333333333333332,0.9166666666666666,-1.9689072957195606,-1.6407560797663003,-8.506663996342146,-0.6913877426615662,8.878721992814164
UNI/BTC,5,0.0001,2.5,10,-1.3349538636746339,28.9,0.9,-2.18348931886938,-1.7467914550955042,-11.244166334742372,-1.0331865044621455,9.758361781829274
UNI/BTC,5,0.001,1.0,17,3.7666204730662884,21.352941176470587,0.6470588235294118,-1.5747483932516535,-0.46316129213283935,-6.030414763863638,0.4160930371924345,8.291698758091329
UNI/BTC,5,0.001,1.5,15,3.8802512195626573,21.866666666666667,0.6,-1.6454723854609195,-0.3290944770921838,-7.6076798599651925,-0.2506638621834185,8.010923372160704
UNI/BTC,5,0.001,2.0,8,0.11669920861451555,25.0,0.75,-1.8857980334899158,-0.9428990167449579,-10.922760063568226,-0.04689001090091394,11.911007213912225
UNI/BTC,5,0.001,2.5,7,-3.655539611518587,27.571428571428573,0.8571428571428571,-2.092919111055752,-1.4949422221826798,-11.333565935145081,-1.0467977270015396,11.390805845552178
UNI/BTC,5,0.01,1.0,20,-0.11031543887272602,14.65,0.55,-1.1641982355395672,-0.11641982355395683,-4.824765535581184,0.03326202657336079,6.03683515738381
UNI/BTC,5,0.01,1.5,15,0.2622511093839032,17.666666666666668,0.4666666666666667,-1.3548134321958836,0.09032089547972555,-5.962073185410234,0.1045362003754994,6.132948839684258
UNI/BTC,5,0.01,2.0,11,2.0516735267145347,16.818181818181817,0.36363636363636365,-1.2913469545467935,0.35218553305821637,-7.85779333902863,-0.6218183442481944,6.542267646767011
UNI/BTC,5,0.01,2.5,8,6.7446136297314085,17.0,0.5,-1.2913469545467935,-0.0,-7.975028485779042,0.6222527559384572,8.995634332528416
UNI/BTC,6,0.0001,1.0,17,11.2202089867285,22.470588235294116,0.7647058823529411,0.9562791277625423,0.5062654205801693,-8.770618327604682,-0.23480743806657783,9.011329836952232
UNI/BTC,6,0.0001,1.5,15,13.067363697779117,21.533333333333335,0.8,0.9562791277625423,0.5737674766575255,-7.5578940583623355,0.4968466255326599,10.043124528358344
UNI/BTC,6,0.0001,2.0,11,7.328675734149176,22.454545454545453,0.8181818181818182,0.9562791277625423,0.6085412631216179,-9.075119824964863,1.2093381793650633,13.52251606799515
UNI/BTC,6,0.0001,2.5,7,7.334875982836819,23.857142857142858,0.8571428571428571,1.0374621924692913,0.7410444231923509,-10.97865093749412,1.2459199425077099,15.639704639478676
UNI/BTC,6,0.001,1.0,19,8.15261034405278,15.894736842105264,0.5789473684210527,0.7102041099012967,0.11213749103704687,-6.247567725579839,0.013566524126478232,5.620279499706207
UNI/BTC,6,0.001,1.5,16,8.582310369506388,16.875,0.5625,0.7394354855490827,0.09242943569363533,-6.586433583987525,-0.18348778659120074,7.956473508469939
UNI/BTC,6,0.001,2.0,9,9.65793555188981,18.0,0.5555555555555556,0.7868561106440674,0.08742845673822974,-10.873914607812628,-0.022281055426571626,11.480634720464533
UNI/BTC,6,0.001,2.5,7,8.195527696404703,19.0,0.5714285714285714,0.8309690830589511,0.11870986900842154,-10.811473043505773,-0.6799719335940995,13.400358399224311
UNI/BTC,6,0.01,1.0,24,4.00354502883036,12.041666666666666,0.5,0.5981977285139565,0.0,-5.041361931507461,-0.06013180420777915,6.001048957989473
UNI/BTC,6,0.01,1.5,18,5.6023936665994185,12.944444444444445,0.4444444444444444,0.6407870759301338,-0.07119856399223713,-6.392412785885188,-0.2881329499979787,7.734586929280945
UNI/BTC,6,0.01,2.0,13,7.327944386573709,12.538461538461538,0.38461538461538464,0.6407870759301338,-0.14787394059926162,-7.720095228178031,0.4539369853282267,7.657837723800701
UNI/BTC,6,0.01,2.5,9,10.583555169608461,14.11111111111111,0.3333333333333333,0.6605856111247992,-0.22019520370826642,-11.0091587050533,-0.05570184605311258,8.22862444309701
UNI/BTC,7,0.0001,1.0,16,3.9947502758321822,25.3125,0.75,-1.557336887305199,-0.7786684436525995,-10.224954099158053,-2.3409631898781056,7.173145871790682
UNI/BTC,7,0.0001,1.5,13,3.3064649707573226,25.923076923076923,0.8461538461538461,-1.6870469577453353,-1.167955586131386,-11.517701262479289,-3.0207306579417175,7.343870287482547
UNI/BTC,7,0.0001,2.0,12,0.7902131111143534,25.833333333333332,0.8333333333333334,-1.6870469577453353,-1.1246979718302237,-11.645315576152033,-3.028692499200903,8.12051960759945
UNI/BTC,7,0.0001,2.5,10,8.772639564754883,25.4,0.8,-1.557336887305199,-0.9344021323831195,-11.829114444050246,-2.2488379956327593,10.05381136662002
UNI/BTC,7,0.001,1.0,18,3.5393174855352942,17.444444444444443,0.6111111111111112,-0.9887744257377284,-0.21972765016393975,-7.605597482265383,-0.499802052872482,6.186971861432771
UNI/BTC,7,0.001,1.5,16,4.468492208765767,17.75,0.625,-1.060850821928883,-0.26521270548222076,-8.654217469400217,-1.2408812241562328,5.836034778274991
UNI/BTC,7,0.001,2.0,12,6.933336796648504,17.166666666666668,0.6666666666666666,-0.9887744257377284,-0.3295914752459094,-8.840866667797442,-0.8903597178030542,6.851199074084512
UNI/BTC,7,0.001,2.5,8,7.21326384683087,18.875,0.625,-1.1194914763642156,-0.2798728690910539,-11.721044054711314,-0.23613396518132232,10.823511425508407
UNI/BTC,7,0.01,1.0,25,3.370503812695994,11.88,0.52,-0.6410839490878987,-0.02564335796351597,-5.13697757305351,0.2610354121551014,4.794499124422309
UNI/BTC,7,0.01,1.5,18,4.684541379913903,12.777777777777779,0.5,-0.6843134519471262,-0.0,-5.6718362306743995,0.24862501482101143,5.308867707781861
UNI/BTC,7,0.01,2.0,15,7.453427495759145,11.866666666666667,0.5333333333333333,-0.6410839490878987,-0.04273892993919323,-6.414925233173619,-0.5984478004197713,6.92491392209117
UNI/BTC,7,0.01,2.5,10,10.733337617698798,11.8,0.5,-0.6410839490878987,-0.0,-7.285274232430962,0.14537375434209868,6.808504960938544
TRX/BTC,1,0.0001,1.0,16,-3.029792375159426,24.375,0.375,8.866571564295969,-2.216642891073992,-15.542200639426383,-3.782014742097884,9.606305633467507
TRX/BTC,1,0.0001,1.5,12,-11.472738244776671,26.25,0.4166666666666667,9.588450372797766,-1.5980750621329607,-17.318008406111726,-1.8150010140081911,13.38597933505327
TRX/BTC,1,0.0001,2.0,11,-9.960568312914301,25.545454545454547,0.36363636363636365,9.588450372797766,-2.615031919853936,-19.820282934639895,-2.0459017363257668,13.031859274418776
TRX/BTC,1,0.0001,2.5,8,-6.606062902053138,26.25,0.5,9.588450372797766,0.0,-19.409583171309876,0.3801880743471423,18.008828541088484
TRX/BTC,1,0.001,1.0,19,-5.070873996638481,17.526315789473685,0.47368421052631576,6.548876558263466,-0.34467771359281435,-9.602708623020643,-0.3258202129526143,9.894105812554152
TRX/BTC,1,0.001,1.5,14,-8.98735389290124,20.714285714285715,0.42857142857142855,7.70770633605504,-1.1011009051507203,-13.800608074651514,-0.6676870150216556,9.877165575943584
TRX/BTC,1,0.001,2.0,9,-11.261171866239314,19.555555555555557,0.4444444444444444,7.306761709221174,-0.8118624121356863,-16.332244886043316,-0.33819881996729223,14.034243003953708
TRX/BTC,1,0.001,2.5,6,-9.302615970624283,22.5,0.5,8.106965481623632,0.0,-24.286397706203548,-0.012865670613338986,20.442929304626
TRX/BTC,1,0.01,1.0,25,-3.432835503930383,10.4,0.52,3.453857939706762,0.1381543175882706,-5.349567091497486,0.7055991044844279,4.768050262917997
TRX/BTC,1,0.01,1.5,17,-3.1880939555194807,11.117647058823529,0.47058823529411764,3.8177205793691824,-0.22457179878642256,-7.032623525979377,-0.40397835457758324,6.964148463533546
TRX/BTC,1,0.01,2.0,13,-2.670085613933618,12.0,0.46153846153846156,4.175090100621323,-0.32116077697087075,-8.02939017758062,0.17423534634650345,8.007821711690282
TRX/BTC,1,0.01,2.5,6,-10.545917351003064,12.833333333333334,0.3333333333333333,4.549013265160699,-1.5163377550535666,-12.733248983263705,-0.0703299212034992,10.467257751045443
TRX/BTC,2,0.0001,1.0,16,-2.473543981676122,24.875,0.4375,3.9245862826228586,-0.4905732853278573,-6.09469830382386,0.10290456070365239,6.473566666590968
TRX/BTC,2,0.0001,1.5,14,-1.5101108868652091,27.214285714285715,0.42857142857142855,4.3232884108964855,-0.6176126301280696,-7.840261733197037,-1.040677749939381,6.738400694513088
TRX/BTC,2,0.0001,2.0,13,-1.0144176648367877,26.23076923076923,0.38461538461538464,4.123174469594057,-0.9515018006755513,-7.98360532643416,-0.5641345607313212,6.773899235977047
TRX/BTC,2,0.0001,2.5,12,-1.648088790281159,27.083333333333332,0.3333333333333333,4.3232884108964855,-1.4410961369654953,-8.645657048658904,-0.5344748499915866,5.909114928495258
TRX/BTC,2,0.001,1.0,20,-0.8835843200150866,16.35,0.45,2.3326588375824655,-0.2332658837582465,-3.906302074548879,-0.17456333410996125,4.009117166733553
TRX/BTC,2,0.001,1.5,13,-3.8185377760620423,21.692307692307693,0.38461538461538464,3.3563517395695777,-0.7745427091314409,-6.652098190570693,-0.3009212849732949,7.757701057389087
TRX/BTC,2,0.001,2.0,10,-1.947499638653412,17.9,0.3,2.6566047473037186,-1.0626418989214874,-6.562574555190161,-0.5442346325810772,5.559921844992281
TRX/BTC,2,0.001,2.5,7,-1.5495925051009958,19.142857142857142,0.2857142857142857,2.8220215112514766,-1.2094377905363471,-9.22895748058534,-0.5268911225232412,8.132368239106949
TRX/BTC,2,0.01,1.0,30,0.3000715062087934,9.166666666666666,0.4666666666666667,1.2666734383555283,-0.08444489589036853,-2.8126640750617695,-0.22877163297190367,2.675399996940941
TRX/BTC,2,0.01,1.5,21,1.4581949917873043,10.523809523809524,0.42857142857142855,1.5654673408593882,-0.22363819155134124,-3.6069880017295355,-0.2056223851795546,3.6375125611982457
TRX/BTC,2,0.01,2.0,12,-0.5578052903749954,10.75,0.4166666666666667,1.5654673408593882,-0.26091122347656465,-4.31854694697234,-0.06865447844064902,4.379048279609781
TRX/BTC,2,0.01,2.5,5,-4.818833741878226,10.2,0.2,1.4126658953097428,-0.8475995371858457,-8.760378761742976,-0.8514083292421659,5.380840742274804
TRX/BTC,3,0.0001,1.0,17,-2.4721359388719013,24.058823529411764,0.35294117647058826,3.141142736364506,-0.9238655106954429,-7.503321916057588,-1.0166843371310958,5.685995873238489
TRX/BTC,3,0.0001,1.5,15,-2.776358787622234,24.666666666666668,0.3333333333333333,3.327979080638189,-1.10932636021273,-7.806163999980103,-1.2757716693793195,5.65124640649361
TRX/BTC,3,0.0001,2.0,12,-5.612784976758992,27.583333333333332,0.25,3.9016745341678694,-1.9508372670839347,-10.043116097379128,-2.041176967034276,5.120354966221735
TRX/BTC,3,0.0001,2.5,11,-5.752087335339085,27.0,0.18181818181818182,3.7066195865041838,-2.3587579186844807,-12.401577355419015,-2.97778279774338,5.1550886634365
TRX/BTC,3,0.001,1.0,22,-0.7467029558913176,15.0,0.5,1.7512699316183697,0.0,-4.091195076676352,-0.09859514287657875,3.908274338432957
TRX/BTC,3,0.001,1.5,15,-3.6285153724857744,18.466666666666665,0.4,2.188441542458045,-0.43768830849160884,-5.127767426152923,-0.45549600218330233,4.577482209518121
TRX/BTC,3,0.001,2.0,9,-7.2391083143688935,19.88888888888889,0.3333333333333333,2.4913588032257183,-0.8304529344085728,-8.535777769499752,-0.6472021787990613,5.977409018231821
TRX/BTC,3,0.001,2.5,8,-5.260991897535442,21.375,0.375,2.6445464929665365,-0.6611366232416341,-8.288979678433629,-0.4540254231901518,8.432639410642814
TRX/BTC,3,0.01,1.0,27,-1.3347462071427256,11.185185185185185,0.48148148148148145,1.2423116572680033,-0.046011542861777964,-3.2519472452463316,0.08014776797606249,3.5918681676560626
TRX/BTC,3,0.01,1.5,16,-1.4144416586449298,13.8125,0.4375,1.6148189470542955,-0.20185236838178694,-4.360810064365047,-0.5012419439552082,3.9119176365709665
TRX/BTC,3,0.01,2.0,10,-3.684288219626327,14.2,0.4,1.6148189470542955,-0.322963789410859,-6.829948960987127,-0.9067261126748277,6.943638235254938
TRX/BTC,3,0.01,2.5,6,-7.87997696116193,15.5,0.5,1.896419082356495,0.0,-7.150888953819712,0.29511185670510515,7.637526839210265
TRX/BTC,4,0.0001,1.0,19,5.255471942433913,16.473684210526315,0.47368421052631576,-0.5658456878154411,0.029781351990286403,-2.715097621410416,-0.35687830605585047,3.0305058671075313
TRX/BTC,4,0.0001,1.5,12,3.8320336198598,20.75,0.5,-0.6471088247259048,-0.0,-4.788884542035141,0.21088251015025278,4.356939693663865
TRX/BTC,4,0.0001,2.0,7,2.497833168120203,22.285714285714285,0.42857142857142855,-0.6656837193208016,0.09509767418868598,-5.939757578434907,0.481055498567485,5.215419265137375
TRX/BTC,4,0.0001,2.5,7,4.206132263379295,21.142857142857142,0.42857142857142855,-0.6471088247259048,0.09244411781798643,-5.17225124824273,-0.1901343645740553,5.421590824521396
TRX/BTC,4,0.001,1.0,21,3.255444241793625,14.523809523809524,0.47619047619047616,-0.5358961474174098,0.025518864162733825,-2.517419103757317,-0.08227791535348439,2.6183302008196616
TRX/BTC,4,0.001,1.5,15,2.6378001299135985,15.933333333333334,0.5333333333333333,-0.5658456878154411,-0.03772304585436273,-3.3210046713166146,0.01614065820374169,3.7768473508601375
TRX/BTC,4,0.001,2.0,7,1.9164372625638937,21.857142857142858,0.42857142857142855,-0.6656837193208016,0.09509767418868598,-5.363066047816624,-0.06562092474389658,6.569928108416921
TRX/BTC,4,0.001,2.5,5,0.7629913503184451,22.8,0.6,-0.6857992533807272,-0.13715985067614542,-7.141451794029386,-0.05338824633114188,8.000252136537586
TRX/BTC,4,0.01,1.0,26,-0.1976425062005348,12.115384615384615,0.46153846153846156,-0.4322293538663943,0.033248411835876464,-2.1830764303109214,-0.022420273168880907,2.4925041248654236
TRX/BTC,4,0.01,1.5,14,0.3806892811713017,15.714285714285714,0.5714285714285714,-0.5658456878154411,-0.08083509825934869,-3.8041009689397645,-0.04333320368493143,3.190361367896537
TRX/BTC,4,0.01,2.0,9,1.3184841015319593,16.22222222222222,0.6666666666666666,-0.5658456878154411,-0.18861522927181365,-4.3304616177297515,-0.05513631157177838,3.8452954610358367
TRX/BTC,4,0.01,2.5,6,1.4346038395835332,18.0,0.8333333333333334,-0.6009461626114487,-0.4006307750742992,-6.751276839352957,-0.5027522833457329,5.357994872769054
TRX/BTC,5,0.0001,1.0,15,1.297103401493422,24.466666666666665,0.6666666666666666,-1.4063253114727605,-0.4687751038242534,-5.491417182763212,-0.8357107599043941,4.758865292894209
TRX/BTC,5,0.0001,1.5,11,1.6141955533386032,26.181818181818183,0.7272727272727273,-1.5426926139103239,-0.7012239154137836,-7.514676212011858,-0.5783444701228577,6.974761088307093
TRX/BTC,5,0.0001,2.0,10,2.3052664616658336,28.5,0.8,-1.695145513971218,-1.017087308382731,-8.326453713890114,-0.904207833755784,6.185177554377516
TRX/BTC,5,0.0001,2.5,8,1.3557488870611922,25.75,0.75,-1.5426926139103239,-0.7713463069551619,-7.809767833859454,-0.30918049085600763,6.121340940505324
TRX/BTC,5,0.001,1.0,18,2.1246263259508904,19.055555555555557,0.5555555555555556,-1.1120239975334743,-0.12355822194816386,-4.4637195231021956,-0.22600366425999857,4.011218820688044
TRX/BTC,5,0.001,1.5,13,1.312859841571355,23.846153846153847,0.6923076923076923,-1.4063253114727605,-0.5408943505664463,-6.069130851541602,-0.3370725036441856,5.71917676448902
TRX/BTC,5,0.001,2.0,7,-0.8103953174870797,25.142857142857142,0.7142857142857143,-1.4736608483749407,-0.6315689350178317,-9.016593618690873,-0.36983793775981144,7.263182597885417
TRX/BTC,5,0.001,2.5,6,-0.138232229613766,24.166666666666668,0.8333333333333334,-1.4063253114727605,-0.9375502076485072,-8.729693491726028,-0.10656252786697573,8.204246046885476
TRX/BTC,5,0.01,1.0,22,-1.342911705591838,14.272727272727273,0.5454545454545454,-0.8349224711135586,-0.07590204282850525,-3.0986119689014675,0.31937762077076487,3.610611379646643
TRX/BTC,5,0.01,1.5,12,-0.5292234552730741,18.416666666666668,0.5833333333333334,-1.0546900202949536,-0.175781670049159,-5.895179488199399,-0.08818455652792978,4.930697068845023
TRX/BTC,5,0.01,2.0,8,1.14000292783446,19.0,0.75,-1.1120239975334743,-0.5560119987667371,-7.739707145846045,-0.4412998227066972,5.921335373984302
TRX/BTC,5,0.01,2.5,7,0.7741648120462773,19.0,0.8571428571428571,-1.1120239975334743,-0.7943028553810529,-8.761671744005197,-0.5766770491528055,6.94338933000675
TRX/BTC,6,0.0001,1.0,15,9.293426719623191,22.8,0.5333333333333333,1.2902023676585408,0.08601349117723603,-6.993436516995805,0.18994027790777057,6.028942047960562
TRX/BTC,6,0.0001,1.5,12,12.759703998212352,26.666666666666668,0.6666666666666666,1.5520672207337283,0.517355740244576,-8.366926288377359,-0.041912224249716266,10.106836519871171
TRX/BTC,6,0.0001,2.0,12,12.810055053561024,26.416666666666668,0.6666666666666666,1.4872354803152632,0.4957451601050876,-7.939594756299348,0.3692089324474487,9.717809843924995
TRX/BTC,6,0.0001,2.5,9,14.300445879585583,25.333333333333332,0.6666666666666666,1.4207932731911679,0.4735977577303892,-9.621821160878772,-0.1782810122245127,8.592538889669973
TRX/BTC,6,0.001,1.0,17,7.8538834552251195,19.941176470588236,0.47058823529411764,1.1492527981716634,-0.06760310577480375,-5.264449162695199,0.007681479442512105,5.963640367666133
TRX/BTC,6,0.001,1.5,13,7.185999560145404,23.615384615384617,0.5384615384615384,1.3503673336928035,0.10387441028406173,-7.158263819874461,0.1850646081737412,7.365908842245263
TRX/BTC,6,0.001,2.0,9,14.844081157561728,23.0,0.5555555555555556,1.2902023676585408,0.14335581862872682,-8.177818602571941,0.8739589826357137,9.067201289271539
TRX/BTC,6,0.001,2.5,7,22.77980382006001,23.857142857142858,0.7142857142857143,1.3503673336928035,0.5787288572969158,-10.218650128728733,0.3722406454343321,11.22951466577972
TRX/BTC,6,0.01,1.0,24,2.0880730965519376,13.041666666666666,0.5416666666666666,0.7690562921869017,0.06408802434890842,-4.053730778195721,-0.14815731779939165,3.824331932497419
TRX/BTC,6,0.01,1.5,12,4.154100655099093,18.166666666666668,0.5,1.0252775731344503,0.0,-7.658644084675593,-0.08020903935763844,6.683932780475961
TRX/BTC,6,0.01,2.0,9,5.042479158048418,16.333333333333332,0.5555555555555556,0.9103977957948405,0.1011553106438712,-6.352192741335294,-0.7295537672051728,7.791252444752811
TRX/BTC,6,0.01,2.5,8,4.612521195661611,17.0,0.625,0.9642182154490393,0.24105455386225982,-7.138700093419338,0.16612007323232425,7.791271526954829
TRX/BTC,7,0.0001,1.0,15,10.810390842802583,22.4,0.4,1.2857720469916831,-0.25715440939833656,-7.765381270890128,-1.062556548595004,5.858928061046833
TRX/BTC,7,0.0001,1.5,11,15.894277055185444,24.727272727272727,0.45454545454545453,1.3756429950452318,-0.12505845409502112,-7.797289726365926,-0.48782620758216194,7.230866601626279
TRX/BTC,7,0.0001,2.0,9,15.662605865323217,28.444444444444443,0.4444444444444444,1.480394163699006,-0.16448824041100074,-8.810047347449464,0.07343057134923263,8.379559429598462
TRX/BTC,7,0.0001,2.5,9,21.04455653384552,26.0,0.4444444444444444,1.4074407277022172,-0.1563823030780242,-7.931867756214565,0.5480984416930965,7.787393097623721
TRX/BTC,7,0.001,1.0,15,9.092790692591741,20.933333333333334,0.3333333333333333,1.2348111196802765,-0.4116037065600922,-6.306926926743185,-0.5264594963655413,4.338812118854561
TRX/BTC,7,0.001,1.5,12,8.89995816892989,23.5,0.4166666666666667,1.34038826187021,-0.22339804364503496,-7.54427209480693,-0.3192294202667563,5.543367346198881
TRX/BTC,7,0.001,2.0,7,20.850032877426766,23.428571428571427,0.2857142857142857,1.3099880954605716,-0.5614234694831022,-10.071219638540532,-1.0162911056111226,7.698227848975568
TRX/BTC,7,0.001,2.5,5,32.123351422403026,25.2,0.4,1.3756429950452318,-0.2751285990090463,-12.115210258974379,-0.5372318699776184,10.403416577672573
TRX/BTC,7,0.01,1.0,22,1.6867869248327283,11.909090909090908,0.4090909090909091,0.8647008216572316,-0.1572183312104057,-4.187995380058257,-0.04549287547528973,4.035625654665722
TRX/BTC,7,0.01,1.5,12,1.9689744044258235,15.583333333333334,0.3333333333333333,1.0341684928521402,-0.34472283095071343,-6.329009192459569,-0.4769130309110629,4.239975216059376
TRX/BTC,7,0.01,2.0,8,2.1550233779727557,15.5,0.375,1.0341684928521402,-0.25854212321303505,-7.979782260974991,-0.06927572102411694,7.90507028155608
TRX/BTC,7,0.01,2.5,4,2.9033598909853913,19.25,0.5,1.1615865500949494,0.0,-10.186722276334917,0.40778270724998067,12.12750654175984
LINK/BTC,1,0.0001,1.0,19,4.004653088967322,21.36842105263158,0.7368421052631579,0.5311869694179059,0.251614880250587,-6.743257576507821,0.6641131800733029,7.725856080164949
LINK/BTC,1,0.0001,1.5,13,7.814357513185371,21.76923076923077,0.6923076923076923,0.4447655161288212,0.1710636600495466,-7.588649410819601,0.3273913046130823,8.197855278105163
LINK/BTC,1,0.0001,2.0,10,3.6007413501895895,21.4,0.6,0.5311869694179059,0.10623739388358115,-10.746092450072151,0.08700397367069446,9.64364903733175
LINK/BTC,1,0.0001,2.5,6,5.539063959376603,28.166666666666668,0.8333333333333334,-0.32082522578560274,-0.2138834838570685,-15.556324433195996,-1.0526369627056222,12.682885017007726
LINK/BTC,1,0.001,1.0,21,5.7769393069779005,16.714285714285715,0.6190476190476191,0.760808414474451,0.18114486058915505,-6.4335932788684085,-0.30455154744110247,5.4165296533522005
LINK/BTC,1,0.001,1.5,13,6.522316214694085,17.692307692307693,0.6153846153846154,0.7360091157260922,0.1698482574752521,-7.877941002967486,0.11165980178507448,8.103566177083165
LINK/BTC,1,0.001,2.0,7,1.5789835326391124,18.285714285714285,0.5714285714285714,0.7360091157260922,0.10514415938944169,-10.612204463854457,-1.0415755004131841,10.41167714141724
LINK/BTC,1,0.001,2.5,5,-2.0281153352387995,21.6,0.6,0.4447655161288212,0.08895310322576422,-13.950338657371786,-0.5206910964131151,14.828215637393832
LINK/BTC,1,0.01,1.0,25,2.180582892326441,13.32,0.52,0.8176402463574071,0.03270560985429631,-4.917000680118453,-0.02453453364180745,4.604450751437708
LINK/BTC,1,0.01,1.5,16,0.6532697191702912,13.625,0.5625,0.8549970016401627,0.10687462520502033,-6.7126250563483865,-0.6986960392545289,5.043626850385841
LINK/BTC,1,0.01,2.0,9,1.2701162994307582,15.555555555555555,0.4444444444444444,0.8337206575909268,-0.09263562862121413,-10.914217775754945,-0.589633337913302,8.725539821410637
LINK/BTC,1,0.01,2.5,7,3.3816100001502565,14.571428571428571,0.42857142857142855,0.8566100430981227,-0.12237286329973186,-10.678345648466154,-0.4902693185414308,9.94495843600159
LINK/BTC,2,0.0001,1.0,15,4.161862414803417,23.466666666666665,0.5333333333333333,-0.13317759697932127,-0.008878506465288084,-7.504332996049117,0.3297174492386178,7.765944106862527
LINK/BTC,2,0.0001,1.5,14,4.884305959550451,22.142857142857142,0.5,-0.13341630969042254,-0.0,-7.357508699827671,0.08753952522637767,8.765282975012305
LINK/BTC,2,0.0001,2.0,10,5.595946754039179,23.9,0.5,-0.12239045596393924,-0.0,-8.21339677897809,0.010953032174749789,9.380181197639551
LINK/BTC,2,0.0001,2.5,8,10.588861284898087,25.25,0.625,-0.11528417329876069,-0.02882104332469017,-13.00636193021879,-0.9191987508523237,9.894828651945101
LINK/BTC,2,0.001,1.0,19,4.259489349747726,17.63157894736842,0.5263157894736842,-0.17414168479057252,-0.009165351831082753,-6.57248831232343,0.013945526354019343,6.026143539821223
LINK/BTC,2,0.001,1.5,13,5.637622892025244,18.46153846153846,0.46153846153846156,-0.17414168479057252,0.013395514214659416,-7.04334210201973,0.6680239165166346,6.208496677703028
LINK/BTC,2,0.001,2.0,10,7.727637217893009,17.9,0.4,-0.17414168479057252,0.03482833695811449,-7.544333944506029,0.33449505704516713,8.517804574783764
LINK/BTC,2,0.001,2.5,8,7.876917898878965,17.5,0.375,-0.17414168479057252,0.04353542119764313,-10.178818983176322,-0.5442211963052994,9.739514418619397
LINK/BTC,2,0.01,1.0,25,1.83825747413636,12.24,0.44,-0.19153235279788555,0.022983882335746265,-4.188355571477323,0.05235065803915145,4.340149782527471
LINK/BTC,2,0.01,1.5,18,2.338958248313077,11.777777777777779,0.3888888888888889,-0.19153235279788555,0.04256274506619679,-4.928977956245433,0.2814386201634114,5.641009455841821
LINK/BTC,2,0.01,2.0,10,4.609921239657769,12.2,0.2,-0.19153235279788555,0.11491941167873132,-7.332144882299246,0.48743355885226625,7.762401796689561
LINK/BTC,2,0.01,2.5,6,1.5613159203633264,14.833333333333334,0.3333333333333333,-0.19085317559038265,0.06361772519679422,-9.252859050196134,0.27489497029118404,10.711679038607736
LINK/BTC,3,0.0001,1.0,14,-1.576240730493883,26.714285714285715,0.6428571428571429,-3.714242347388564,-1.0612120992538758,-7.216199724839738,-0.5059199527848501,6.243964706878657
LINK/BTC,3,0.0001,1.5,14,-1.3281948144819573,26.357142857142858,0.6428571428571429,-3.6408086384013516,-1.0402310395432437,-7.384321249311349,-0.9656269873594427,5.741604796830043
LINK/BTC,3,0.0001,2.0,13,-1.3229626940004473,24.846153846153847,0.6153846153846154,-3.5642396873002036,-0.8225168509154318,-6.675032803546428,-0.16030450484308262,5.3828615065982675
LINK/BTC,3,0.0001,2.5,10,-1.087910727090411,28.1,0.7,-3.7924885868730285,-1.516995434749211,-7.98129662478233,-0.5975548016716381,6.858793282847373
LINK/BTC,3,0.001,1.0,20,0.479190988234078,19.05,0.65,-2.868720310630679,-0.8606160931892038,-4.4380647586104836,-0.4158870614841349,4.381326546963104
LINK/BTC,3,0.001,1.5,16,1.1213271167287884,20.4375,0.6875,-2.9993049594387635,-1.1247393597895363,-6.071245878188634,-0.25481429331720096,4.4239801224413755
LINK/BTC,3,0.001,2.0,11,3.0469439572559107,18.818181818181817,0.6363636363636364,-2.868720310630679,-0.7823782665356397,-5.93987494357481,-0.504470498186146,5.650031206008688
LINK/BTC,3,0.001,2.5,7,-0.2588169713921124,18.857142857142858,0.42857142857142855,-2.868720310630679,0.4098171872329543,-5.822763459026759,0.3285142442164006,7.232092928201219
LINK/BTC,3,0.01,1.0,27,2.6327068080168647,11.222222222222221,0.5185185185185185,-1.5913749162888011,-0.05893981171439995,-3.3822452343904943,0.11437224705686819,3.1240783864239408
LINK/BTC,3,0.01,1.5,17,1.8871317986260658,12.764705882352942,0.4117647058823529,-1.9332771823924415,0.3411665615986662,-4.061059369221372,0.22375099640918777,4.214250252257487
LINK/BTC,3,0.01,2.0,11,3.309019998916445,15.0,0.36363636363636365,-2.2817584375523254,0.6222977556960887,-4.808338721680373,0.6166056599225631,5.176712154483337
LINK/BTC,3,0.01,2.5,6,0.2182546740204665,18.0,0.5,-2.7430346849309943,-0.0,-6.709264821808601,4.487920227817452e-05,8.117425837644609
LINK/BTC,4,0.0001,1.0,15,1.7818414316948343,26.466666666666665,0.5333333333333333,1.7450695860260177,0.11633797240173449,-5.367452357801929,-0.033338775738175785,6.292487672640306
LINK/BTC,4,0.0001,1.5,14,2.0008825205510923,26.428571428571427,0.5,1.7450695860260177,0.0,-6.257515887037445,-0.2785905312452153,6.966635933082049
LINK/BTC,4,0.0001,2.0,13,1.1116673153336842,24.76923076923077,0.46153846153846156,1.6755062647276817,-0.12888509728674466,-7.74469488444908,-0.6036119678291796,6.976510609833014
LINK/BTC,4,0.0001,2.5,10,1.6526755044788874,26.8,0.5,1.818221909647043,0.0,-9.075070523713487,-0.17335386396806238,7.122466687434405
LINK/BTC,4,0.001,1.0,19,-0.6428466486725317,19.842105263157894,0.5789473684210527,1.2991234204445776,0.2051247505965123,-4.022637177015102,-0.09405295802121592,4.50688597937408
LINK/BTC,4,0.001,1.5,15,0.7160813973292421,22.333333333333332,0.5333333333333333,1.4558125903144068,0.0970541726876271,-5.8759402002600005,0.03994182443514485,5.885170396419022
LINK/BTC,4,0.001,2.0,11,0.9291528491438871,22.181818181818183,0.45454545454545453,1.4558125903144068,-0.13234659911949156,-8.140781485393822,-0.7948008046450542,5.370164875402181
LINK/BTC,4,0.001,2.5,9,1.724463563253277,21.22222222222222,0.3333333333333333,1.3751217308240122,-0.4583739102746708,-7.551692121554781,-0.4528174470270067,6.271973210921877
LINK/BTC,4,0.01,1.0,25,1.7240967799781162,11.36,0.48,0.7796604937772633,-0.03118641975109056,-3.093120600800336,-0.1205055708656015,3.109592499660798
LINK/BTC,4,0.01,1.5,15,0.04887745124682207,13.933333333333334,0.3333333333333333,0.9384378638766538,-0.312812621292218,-4.946764946665357,-0.413047042496126,4.249853888012208
LINK/BTC,4,0.01,2.0,10,-0.11356631280730767,16.6,0.3,1.0982035704426036,-0.43928142817704147,-6.238159430862957,0.048454742610708125,5.889630960049335
LINK/BTC,4,0.01,2.5,6,-0.5084238112022538,18.5,0.3333333333333333,1.1613231694668804,-0.38710772315562686,-8.114009227876693,0.3775165312975486,7.882099275137019
LINK/BTC,5,0.0001,1.0,17,0.38805574283187716,23.235294117647058,0.5882352941176471,-0.5901319998093514,-0.10414094114282674,-6.080245614679922,0.11122251138909159,5.95553360843252
LINK/BTC,5,0.0001,1.5,13,-1.1216122706293186,25.23076923076923,0.5384615384615384,-0.5924599354958858,-0.045573841191991184,-8.04773927948309,0.266615232427471,8.067483165248317
LINK/BTC,5,0.0001,2.0,12,-0.43518607986196883,26.666666666666668,0.5,-0.5933340770293872,-0.0,-7.265378248227906,-0.09578624283881002,9.029858497863975
LINK/BTC,5,0.0001,2.5,10,2.1630029345495068,29.0,0.6,-0.5682239043712566,-0.1136447808742513,-8.465711948146032,0.6466277390800372,10.313342041039926
LINK/BTC,5,0.001,1.0,17,1.335334562467766,21.11764705882353,0.5882352941176471,-0.590374049952677,-0.10418365587400184,-5.661799933359123,-0.23565989983901045,6.330328534872783
LINK/BTC,5,0.001,1.5,13,1.0816710073703153,23.692307692307693,0.6153846153846154,-0.5916816000175187,-0.1365419076963505,-7.449955449837184,0.3214729872035508,7.487993451106086
LINK/BTC,5,0.001,2.0,10,0.3001044818431394,24.5,0.6,-0.5916816000175187,-0.1183363200035037,-6.889487693423835,0.547857109785104,7.31307291896495
LINK/BTC,5,0.001,2.5,8,1.4717251233947723,24.375,0.5,-0.5916816000175187,-0.0,-7.609336285337059,0.10199211881963932,9.347746651341373
LINK/BTC,5,0.01,1.0,20,-0.21521959126746318,14.4,0.55,-0.48670225141438356,-0.0486702251414384,-4.59242160456088,-0.12196646082179002,4.616921085361105
LINK/BTC,5,0.01,1.5,13,-2.4523846357308274,18.0,0.46153846153846156,-0.5788915534472403,0.04453011949594153,-5.16140382175315,0.6190941925461588,6.52758582191469
LINK/BTC,5,0.01,2.0,10,-0.4960808610947332,19.1,0.4,-0.5886761780272631,0.1177352356054526,-7.1491366835553904,0.17246689134344625,7.304489849919793
LINK/BTC,5,0.01,2.5,7,0.9413867913625512,19.142857142857142,0.42857142857142855,-0.5886761780272631,0.08409659686103761,-9.516257024897614,-0.3045008827332367,9.239342145988413
LINK/BTC,6,0.0001,1.0,15,-2.55116797025281,27.266666666666666,0.6,2.047242461110283,0.40944849222205654,-7.507700979123708,0.3991334000912766,9.455559869345905
LINK/BTC,6,0.0001,1.5,14,-1.3929255751797143,26.428571428571427,0.5714285714285714,2.0022562881722297,0.2860366125960327,-8.492336810460175,-0.6078249518014376,7.644139904226211
LINK/BTC,6,0.0001,2.0,13,0.06813778558814193,27.0,0.6153846153846154,2.047242461110283,0.472440567948527,-8.730768082078214,0.8961561798464794,9.513075199669638
LINK/BTC,6,0.0001,2.5,12,-1.7333590053165644,27.833333333333332,0.6666666666666666,2.0982766061661824,0.6994255353887273,-7.230352415891749,1.4628454334324377,10.508917927370273
LINK/BTC,6,0.001,1.0,18,1.0670577655304803,20.944444444444443,0.6111111111111112,1.7469342097447689,0.3882076021655044,-5.651775334696916,0.7684549376815912,7.08435977563961
LINK/BTC,6,0.001,1.5,13,0.08048711960342886,24.46153846153846,0.6153846153846154,1.9155673682733338,0.44205400806307715,-8.629021977030538,-0.2624174980651641,9.679318662082922
LINK/BTC,6,0.001,2.0,9,0.8589128265323586,23.0,0.5555555555555556,1.8622738857350312,0.2069193206372258,-9.666889273143054,0.9083429609560916,10.326061693130793
LINK/BTC,6,0.001,2.5,8,5.353552449139011,21.25,0.625,1.7469342097447689,0.4367335524361922,-10.461007257074758,-0.05881431754273869,11.02449596892426
LINK/BTC,6,0.01,1.0,22,0.5952345201099302,13.227272727272727,0.5454545454545454,1.115511239244108,0.10141011265855518,-4.47373420999195,-0.07013448763563788,5.192845122824424
LINK/BTC,6,0.01,1.5,16,1.0713059153568067,13.625,0.5625,1.1968101152413502,0.14960126440516877,-6.314387768391651,-0.06931709135778907,5.807769552967078
LINK/BTC,6,0.01,2.0,14,2.2189553887833564,12.928571428571429,0.5,1.115511239244108,0.0,-6.098985002981122,-0.3109306126506565,5.608359223116513
LINK/BTC,6,0.01,2.5,9,2.3179165623771008,13.777777777777779,0.4444444444444444,1.1968101152413502,-0.13297890169348342,-7.591909503907675,-0.2067067297941876,8.605987524877502
LINK/BTC,7,0.0001,1.0,15,-3.787009688496066,28.333333333333332,0.8666666666666667,-3.8095874681273325,-2.793697476626711,-9.651228083913768,-3.2819355182236354,5.499265685830079
LINK/BTC,7,0.0001,1.5,15,-1.3797796092714276,27.933333333333334,0.8666666666666667,-3.8095874681273325,-2.793697476626711,-9.230468421643995,-3.5702330941398306,4.530387939705947
LINK/BTC,7,0.0001,2.0,14,-2.5014137370030816,28.428571428571427,0.9285714285714286,-3.8095874681273325,-3.2653606869662855,-10.014871534471295,-3.8200938544368648,5.030401891515512
LINK/BTC,7,0.0001,2.5,11,-0.76243534433212,27.90909090909091,0.9090909090909091,-3.8095874681273325,-3.11693520119509,-12.155051414882756,-3.837982983373383,5.887383679122555
LINK/BTC,7,0.001,1.0,17,-2.467466641605266,22.705882352941178,0.8235294117647058,-3.0994910668239823,-2.0055530432390474,-7.573936735529781,-2.3023027514140497,4.528565581265557
LINK/BTC,7,0.001,1.5,13,-2.0639222206851455,24.53846153846154,0.9230769230769231,-3.384854601384041,-2.8641077396326504,-8.570377848172676,-2.9201922155060878,6.5507072428884605
LINK/BTC,7,0.001,2.0,11,-0.1478386262950938,23.363636363636363,0.9090909090909091,-3.0994910668239823,-2.535947236492349,-8.913697296360898,-2.7029996672183305,6.5454446796972166
LINK/BTC,7,0.001,2.5,9,6.46401562284241,21.22222222222222,0.8888888888888888,-2.830551437876003,-2.2015400072368907,-9.68798828774848,-2.3258888521556136,8.148086671348471
LINK/BTC,7,0.01,1.0,23,-0.11601255310526959,13.869565217391305,0.6956521739130435,-1.8017563334813762,-0.7050350870144515,-4.638639207110473,-0.7866354852633001,3.722175358213181
LINK/BTC,7,0.01,1.5,17,0.9385104388937276,13.705882352941176,0.7647058823529411,-1.8017563334813762,-0.9538710000783754,-5.423942026334084,-0.7378712968781724,3.9437943833665723
LINK/BTC,7,0.01,2.0,14,4.9309616810394346,9.714285714285714,0.7142857142857143,-1.2665685219388165,-0.5428150808309214,-4.7082750881798825,-0.8026028644603302,3.646514694008928
LINK/BTC,7,0.01,2.5,7,4.525383128553584,12.428571428571429,0.7142857142857143,-1.5300887433977306,-0.6557523185990275,-6.604601532228376,-0.961172367647702,5.839896717522086
LTC/BTC,1,0.0001,1.0,18,0.2462983489111793,22.27777777777778,0.7777777777777778,-1.2475364180057165,-0.6930757877809536,-5.847341851342425,-0.691174812134618,5.281671526791128
LTC/BTC,1,0.0001,1.5,16,0.735616321946471,21.9375,0.75,-1.2475364180057165,-0.6237682090028582,-6.9651433316358595,-0.8843501404735012,7.305758539766208
LTC/BTC,1,0.0001,2.0,12,1.773662655425191,24.333333333333332,0.8333333333333334,-1.4820229696019493,-0.9880153130679663,-8.42921725011089,-1.4000007096546567,6.2238851270012825
LTC/BTC,1,0.0001,2.5,9,0.47536733818688387,27.333333333333332,0.8888888888888888,-1.7745459760199276,-1.3802024257932768,-8.745644049942104,-0.5443024350362433,9.737462354410921
LTC/BTC,1,0.001,1.0,21,2.072516736842789,17.428571428571427,0.7619047619047619,-0.662125703921366,-0.34682774967309643,-4.780671962608086,-0.1306831901542121,5.376438515095768
LTC/BTC,1,0.001,1.5,14,1.015182651918757,18.142857142857142,0.6428571428571429,-0.746289822740449,-0.21322566364012835,-6.398467094391687,-0.10665619271162294,7.355468128443837
LTC/BTC,1,0.001,2.0,11,1.0566579716928937,20.636363636363637,0.6363636363636364,-1.1224379698384093,-0.30611944631956617,-8.098451731364152,-0.04508324470471688,6.908502504471415
LTC/BTC,1,0.001,2.5,9,2.5074735929673047,20.11111111111111,0.6666666666666666,-0.981533279839246,-0.32717775994641524,-7.7943780605166,-0.4730256679399989,7.543617671089113
LTC/BTC,1,0.01,1.0,23,-1.0899844357330088,13.565217391304348,0.5652173913043478,-0.47396240506443854,-0.06182118326927455,-4.146368365510785,0.1000967313948426,5.216996408927373
LTC/BTC,1,0.01,1.5,18,-1.1277077482292077,14.444444444444445,0.5555555555555556,-0.47396240506443854,-0.0526624894516043,-4.623038119025274,0.31404507735220694,5.187155031760114
LTC/BTC,1,0.01,2.0,11,-0.31164211084388166,14.363636363636363,0.5454545454545454,-0.47396240506443854,-0.04308749136949437,-6.399288791222167,0.17855853790000042,5.8931883017645195
LTC/BTC,1,0.01,2.5,10,-1.5276805261817743,14.2,0.5,-0.47396240506443854,-0.0,-6.534119583499528,-0.2898372454811092,6.689508100359785
LTC/BTC,2,0.0001,1.0,13,-1.2018536449705068,25.153846153846153,0.6923076923076923,1.4232983077102652,0.5474224260424096,-6.936476350088687,0.2069300170568069,8.68339464885014
LTC/BTC,2,0.0001,1.5,12,1.8266875070330897,23.916666666666668,0.6666666666666666,1.3349691839550089,0.44498972798500286,-6.090135482914034,0.2768612174906462,8.108128704997084
LTC/BTC,2,0.0001,2.0,10,-1.656708850738477,26.6,0.6,1.6168494784047385,0.32336989568094765,-8.0635184469337,-0.6187367384438633,9.062472217304927
LTC/BTC,2,0.0001,2.5,9,0.12037776221862452,28.0,0.6666666666666666,1.69849529034847,0.5661650967828232,-9.10814068887335,0.6280370063251359,9.641249093624642
LTC/BTC,2,0.001,1.0,17,-0.713369372316487,18.88235294117647,0.5882352941176471,0.9105836128531722,0.16069122579761866,-5.709069382944212,-0.15615311812394495,5.91799332692873
LTC/BTC,2,0.001,1.5,13,-1.371859268992535,18.23076923076923,0.5384615384615384,0.8332243807763368,0.06409418313664125,-6.825774914268939,0.17014278400681593,6.085661414884222
LTC/BTC,2,0.001,2.0,9,-1.7778440652633887,21.88888888888889,0.5555555555555556,1.1639362572116527,0.1293262508012948,-8.467022568669808,-0.4621273083993327,8.18619628174825
LTC/BTC,2,0.001,2.5,8,1.0004514687550907,19.875,0.5,0.9927814383782658,0.0,-8.3768049778357,0.5244306776307499,8.754771555602156
LTC/BTC,2,0.01,1.0,23,-0.6270853839394231,11.478260869565217,0.4782608695652174,0.4724807486346867,-0.020542641244986365,-3.796015422529943,-0.12357096079564812,3.0580801655049807
LTC/BTC,2,0.01,1.5,15,-2.343561638596525,13.4,0.4666666666666667,0.554121450398904,-0.03694143002659359,-4.841891271986366,-0.28916369179753937,4.595964603832504
LTC/BTC,2,0.01,2.0,10,0.02516813825528743,13.1,0.4,0.554121450398904,-0.11082429007978079,-7.048887560130324,-0.34604862916131973,5.605234375599814
LTC/BTC,2,0.01,2.5,9,-0.11041218735820103,13.0,0.3333333333333333,0.554121450398904,-0.18470715013296804,-6.371519713236551,-0.039010230623703804,5.181556093016449
LTC/BTC,3,0.0001,1.0,15,-1.7779262971281034,24.8,0.5333333333333333,0.775903624414056,0.05172690829427039,-6.776403513277716,0.07253006163632646,7.50537758516623
LTC/BTC,3,0.0001,1.5,12,-0.2972273401710135,26.75,0.5833333333333334,0.8926603665895457,0.14877672776492434,-6.029945495781388,0.8281819166695719,7.873190107984208
LTC/BTC,3,0.0001,2.0,12,1.9620462117591078,25.666666666666668,0.5833333333333334,0.834825465445553,0.1391375775742589,-7.820861267300775,-0.18011434111232438,7.969072464884986
LTC/BTC,3,0.0001,2.5,10,4.210208627120132,24.2,0.5,0.721752727377901,0.0,-7.224960944238494,-0.08978898030101706,8.662540806967474
LTC/BTC,3,0.001,1.0,17,0.34032929884282753,19.352941176470587,0.5882352941176471,0.5610129402896776,0.09900228358053137,-5.481870045954482,0.6515625724988092,5.702542187508373
LTC/BTC,3,0.001,1.5,13,-0.46809545428926924,20.153846153846153,0.6153846153846154,0.589197347709426,0.13596861870217528,-7.603942552400183,0.5806098169671201,7.01830895881633
LTC/BTC,3,0.001,2.0,8,-2.2257419741002735,22.375,0.625,0.643224892852221,0.16080622321305524,-9.511678482164596,0.7969968836797021,8.77633066650243
LTC/BTC,3,0.001,2.5,7,-0.801786845840956,20.571428571428573,0.7142857142857143,0.6125187167074362,0.26250802144604407,-7.982286795452071,0.12111813706079697,10.036975531404371
LTC/BTC,3,0.01,1.0,22,0.5643394569538713,11.136363636363637,0.5454545454545454,0.45029516466996045,0.04093592406090546,-3.6238542449852806,0.1574118687559134,3.7494283608438903
LTC/BTC,3,0.01,1.5,13,-1.8359056198286947,14.0,0.5384615384615384,0.5047387483592249,0.0388260575660942,-4.969947215514998,-0.16408652893660647,5.868041601749542
LTC/BTC,3,0.01,2.0,9,-1.8502295299081593,17.22222222222222,0.5555555555555556,0.5257561123783465,0.05841734581981631,-6.726472685605945,0.11260426346609588,7.084337366497579
LTC/BTC,3,0.01,2.5,8,-1.3692575792673662,16.75,0.625,0.5257561123783465,0.13143902809458663,-8.272215075553278,-0.3323361401197009,6.707789618448069
LTC/BTC,4,0.0001,1.0,15,-4.5611883390850965,25.933333333333334,0.6,-0.903543695732846,-0.18070873914656915,-6.605038099621776,-0.49181266993479833,6.771271977630185
LTC/BTC,4,0.0001,1.5,13,-3.246161962813311,26.46153846153846,0.5384615384615384,-0.903543695732846,-0.06950336121021887,-6.989307136479647,0.39925463786596194,7.091451642093391
LTC/BTC,4,0.0001,2.0,12,-3.844604254614049,27.75,0.5833333333333334,-0.9970735260981122,-0.1661789210163521,-7.6123664396240365,-0.13953254100618478,5.819314310377908
LTC/BTC,4,0.0001,2.5,11,-0.7226653694170408,26.545454545454547,0.5454545454545454,-0.9555817640390821,-0.0868710694580983,-7.911912132051201,0.20998111775743866,7.958984356250144
LTC/BTC,4,0.001,1.0,16,-2.884621250028794,21.625,0.5625,-0.7411213625904801,-0.09264017032381001,-6.102581484274874,-0.04628063909524091,5.752097411738364
LTC/BTC,4,0.001,1.5,12,-4.670875859916508,24.333333333333332,0.5833333333333334,-0.8104505102157712,-0.1350750850359619,-7.980988731607455,-0.673969773225195,5.918789098014973
LTC/BTC,4,0.001,2.0,9,-4.7709755552893025,24.0,0.5555555555555556,-0.8104505102157712,-0.09005005669064128,-7.598746644212163,-0.284613399123237,8.72604178515209
LTC/BTC,4,0.001,2.5,7,-6.31732999824609,25.0,0.7142857142857143,-0.852876222911438,-0.3655183812477592,-8.713549624667198,-1.5199413398390338,8.845057249390061
LTC/BTC,4,0.01,1.0,20,-0.3102885185402878,13.55,0.65,-0.47467219295986185,-0.14240165788795858,-4.475822492440895,-0.37281357935188164,3.6210698596766107
LTC/BTC,4,0.01,1.5,12,-1.9811072668056233,17.333333333333332,0.6666666666666666,-0.5988234930643175,-0.1996078310214391,-6.691526555116365,-0.9551566159991023,6.059478808230418
LTC/BTC,4,0.01,2.0,10,-2.456960526206288,18.7,0.6,-0.6615002183474367,-0.1323000436694873,-5.507185690454631,0.21071189607941254,5.689213319389574
LTC/BTC,4,0.01,2.5,8,-2.5659080761295985,19.0,0.625,-0.6615002183474367,-0.16537505458685917,-7.848532672425898,0.03493031179170958,7.663257140689365
LTC/BTC,5,0.0001,1.0,16,-3.985811091817144,27.375,0.9375,-6.0188532557839505,-5.266496598810956,-9.1764646634835,-5.219097102697341,-1.4238852805322078
LTC/BTC,5,0.0001,1.5,14,-4.778340478896216,28.785714285714285,1.0,-6.461758187966857,-6.461758187966857,-10.226258005874367,-6.310602808960045,-2.393992917967312
LTC/BTC,5,0.0001,2.0,14,-3.7380940787219266,28.571428571428573,1.0,-6.461758187966857,-6.461758187966857,-9.94604798646666,-6.528721029733594,-2.125803537011235
LTC/BTC,5,0.0001,2.5,13,-4.125220088761441,28.923076923076923,1.0,-6.461758187966857,-6.461758187966857,-9.606425723973572,-6.366472215721066,-2.1865213923754347
LTC/BTC,5,0.001,1.0,19,0.6147123186025266,21.63157894736842,0.8421052631578947,-4.908662105171064,-3.3585582824854647,-6.301726561955938,-2.9951946060396515,0.6888770853372997
LTC/BTC,5,0.001,1.5,15,-0.22729308452654942,23.133333333333333,0.8666666666666667,-5.132954038996144,-3.764166295263839,-7.595755131341497,-3.486966816415991,-0.0018854981095256817
LTC/BTC,5,0.001,2.0,12,1.0084104833580572,21.916666666666668,0.8333333333333334,-4.908662105171064,-3.2724414034473766,-7.574395674625143,-3.579277151119631,1.4714931588214546
LTC/BTC,5,0.001,2.5,8,-0.3512611599201467,24.75,1.0,-5.579787432888694,-5.579787432888694,-10.677817377297135,-5.244105447395505,0.6439094085792832
LTC/BTC,5,0.01,1.0,21,2.234679409295067,13.857142857142858,0.7619047619047619,-3.11196807202292,-1.6300785139167675,-5.0494697169104885,-1.5162789415472986,1.7005370654405005
LTC/BTC,5,0.01,1.5,17,4.036141922691809,14.117647058823529,0.7647058823529411,-3.11196807202292,-1.6475125087180162,-4.718652685549291,-1.7222917853571056,2.32317051606704
LTC/BTC,5,0.01,2.0,14,4.747519335213844,15.0,0.7142857142857143,-3.3446359645291346,-1.4334154133696293,-5.021927797009713,-1.2104431677953391,2.7535871742315976
LTC/BTC,5,0.01,2.5,10,5.518595411090058,15.7,0.8,-3.5601554934730957,-2.1360932960838577,-6.597093774308664,-2.3041519271022084,2.8696670015431796
LTC/BTC,6,0.0001,1.0,16,-0.9520158943006578,28.625,0.9375,-4.937415602380014,-4.320238652082512,-8.030229780462394,-3.502854852478894,1.51451689951195
LTC/BTC,6,0.0001,1.5,16,-0.3557079679078301,28.5,0.9375,-4.780523597818814,-4.182958148091462,-7.073808025185078,-3.6477380724671336,1.5828206614832114
LTC/BTC,6,0.0001,2.0,16,-1.4982446085781018,28.25,0.9375,-4.780523597818814,-4.182958148091462,-7.591968004230997,-3.4463787233873147,1.088989790236318
LTC/BTC,6,0.0001,2.5,16,0.25953307373136525,27.9375,0.9375,-4.780523597818814,-4.182958148091462,-7.198244716205111,-3.376969378744752,1.0871766122841138
LTC/BTC,6,0.001,1.0,21,1.3834619938367745,18.666666666666668,0.8571428571428571,-3.329612093838635,-2.378294352741882,-5.1784707368097775,-1.991130188257109,2.404810135457328
LTC/BTC,6,0.001,1.5,18,2.009800497375643,18.333333333333332,0.8333333333333334,-3.1623974113247133,-2.1082649408831426,-5.560012048871178,-2.1360882759987465,1.7933510940929427
LTC/BTC,6,0.001,2.0,15,2.779290428628558,19.733333333333334,0.8666666666666667,-3.505631346014944,-2.570796320410959,-5.989250952882214,-2.398502370824412,2.755574782983078
LTC/BTC,6,0.001,2.5,11,1.6651183224943134,21.454545454545453,0.9090909090909091,-3.6814255568268317,-3.0120754555855895,-7.288994685247524,-3.2262242477930965,2.6265240365004816
LTC/BTC,6,0.01,1.0,29,2.2460044540755435,10.413793103448276,0.6896551724137931,-1.7565346436556963,-0.6662717613866436,-3.0534616620892123,-0.6604728902387185,2.605318725248474
LTC/BTC,6,0.01,1.5,21,3.9901175845516175,10.428571428571429,0.7142857142857143,-1.7565346436556963,-0.752800561566727,-3.276286255748507,-0.19576140252015906,2.0532996287778436
LTC/BTC,6,0.01,2.0,18,4.449689934853403,9.944444444444445,0.6666666666666666,-1.7565346436556963,-0.585511547885232,-3.633263892285163,-0.572050268652434,3.174096342673503
LTC/BTC,6,0.01,2.5,12,6.324072578752843,10.833333333333334,0.75,-1.9393195891068071,-0.9696597945534036,-4.2636565685974315,-0.9252213261879159,3.9849003078845855
LTC/BTC,7,0.0001,1.0,18,4.684387528088962,20.833333333333332,0.7222222222222222,-2.0323008032328604,-0.9032448014368268,-5.027664399860224,-0.8809577719252584,4.252579533154088
LTC/BTC,7,0.0001,1.5,15,4.906516269070551,24.133333333333333,0.7333333333333333,-2.3894506827771167,-1.1150769852959876,-5.224989866819452,-0.7143621105491182,4.3224717606976055
LTC/BTC,7,0.0001,2.0,12,2.1566545950028235,24.25,0.75,-2.3894506827771167,-1.1947253413885583,-6.803998343877601,-1.4376453685609345,4.8455567580057535
LTC/BTC,7,0.0001,2.5,9,7.0650900391631914,25.22222222222222,0.7777777777777778,-2.511908893551736,-1.3955049408620757,-7.296128148609664,-0.3977209962908591,5.158991232592546
LTC/BTC,7,0.001,1.0,22,4.437535523689228,15.954545454545455,0.7272727272727273,-1.4552622871803413,-0.6614828578092461,-4.4126552090747,-0.7419339097492301,3.4429860844000566
LTC/BTC,7,0.001,1.5,18,4.142502732365991,14.444444444444445,0.7222222222222222,-1.2368123199945418,-0.5496943644420186,-4.119376385788543,-0.4328851545215887,3.9113449129756344
LTC/BTC,7,0.001,2.0,11,5.902802340032083,16.09090909090909,0.7272727272727273,-1.4552622871803413,-0.6614828578092461,-5.507263718110172,-0.8513933592125993,4.881691248795857
LTC/BTC,7,0.001,2.5,9,5.870167614020001,14.444444444444445,0.6666666666666666,-1.2368123199945418,-0.41227077333151385,-5.6931005036535005,-0.3484990916372165,5.414140757528829
LTC/BTC,7,0.01,1.0,32,4.075109354134377,9.21875,0.59375,-0.7187381273100393,-0.13476339887063238,-2.3845940230065357,-0.06014869993835341,2.234378584469177
LTC/BTC,7,0.01,1.5,23,4.766266951583634,10.304347826086957,0.5652173913043478,-0.802712065965653,-0.10470157382160684,-3.0343583766714133,-0.22701083407714132,2.8743999898168378
LTC/BTC,7,0.01,2.0,16,6.087307280647667,7.375,0.4375,-0.5526135332291044,0.06907669165363806,-3.103611739410797,-0.2756078915251418,2.8222928040304898
LTC/BTC,7,0.01,2.5,9,6.510055754060284,8.0,0.5555555555555556,-0.6354538115697844,-0.07060597906330941,-4.0327591287654805,-0.06959296092194059,4.443856079355883
ETH/BTC,1,0.0001,1.0,14,-6.064312809636694,26.928571428571427,0.21428571428571427,4.451102472221708,-2.5434871269838326,-11.277248898312063,-2.0277627217276892,6.099041147915735
ETH/BTC,1,0.0001,1.5,12,-6.719103480527956,26.916666666666668,0.08333333333333333,4.451102472221708,-3.7092520601847565,-15.68161412173441,-3.9097683084125707,4.689316561698155
ETH/BTC,1,0.0001,2.0,11,-5.6422054705779345,27.636363636363637,0.09090909090909091,4.627643500394096,-3.7862537730497143,-15.985052390050127,-3.440022510033418,4.283950062934054
ETH/BTC,1,0.0001,2.5,8,-4.248434825332659,30.0,0.125,4.975950486710527,-3.7319628650328953,-17.84257656794396,-2.664304801605396,7.0499491725613295
ETH/BTC,1,0.001,1.0,15,-4.824500845610136,21.866666666666667,0.4,3.678437690207205,-0.7356875380414408,-9.149851368022311,-0.3634641031808387,7.399948958126739
ETH/BTC,1,0.001,1.5,10,-9.988777672834084,25.5,0.4,4.293211973400796,-0.858642394680159,-11.285557480559905,-0.5383149356185745,9.239271100541579
ETH/BTC,1,0.001,2.0,8,-11.59158115946109,25.375,0.25,4.146474737547283,-2.0732373687736416,-16.976425546933417,-1.5256123221333662,11.295714638535967
ETH/BTC,1,0.001,2.5,4,-9.17953049286437,27.5,0.25,4.627643500394096,-2.313821750197048,-23.80348735660761,-1.0665143751083113,13.958280611846133
ETH/BTC,1,0.01,1.0,20,-3.7640062740989544,14.85,0.55,2.5644903025517234,0.25644903025517257,-4.5466286371402065,0.577066013129502,5.639902536659646
ETH/BTC,1,0.01,1.5,11,-7.295550494263176,18.363636363636363,0.36363636363636365,3.063050420013095,-0.8353773872762986,-8.551459340867908,-0.26322424235085884,6.713323978218268
ETH/BTC,1,0.01,2.0,9,-8.697224333585881,18.444444444444443,0.4444444444444444,3.063050420013095,-0.3403389355570107,-8.204304097880037,-0.2918358202922745,8.265662872861117
ETH/BTC,1,0.01,2.5,4,-10.061023501331142,20.0,0.5,3.343495838888849,0.0,-13.20061158611327,-0.3264980564922608,13.076180634756415
ETH/BTC,2,0.0001,1.0,18,3.7419276039721012,19.38888888888889,0.3333333333333333,0.976082393191266,-0.32536079773042204,-3.75258649409519,0.1476005010613084,3.2750721349764755
ETH/BTC,2,0.0001,1.5,10,3.7347705343363145,23.3,0.5,1.2062151189049606,0.0,-5.072837972826417,0.06229989671665019,5.812187768660294
ETH/BTC,2,0.0001,2.0,7,6.513775977599392,24.285714285714285,0.42857142857142855,1.2664378138685553,-0.18091968769550795,-7.100414232805301,-0.2730157908179789,7.665116519371068
ETH/BTC,2,0.0001,2.5,6,7.787340940727063,19.666666666666668,0.3333333333333333,1.0340076240375953,-0.3446692080125318,-7.763617352617983,-0.4185647533578928,5.363201552844091
ETH/BTC,2,0.001,1.0,17,0.3712003974267212,21.352941176470587,0.5294117647058824,1.0927055530912744,0.06427679724066321,-4.101826469239516,0.007751007518958865,3.7041963524592747
ETH/BTC,2,0.001,1.5,12,-0.21948382223935328,22.666666666666668,0.5833333333333334,1.2062151189049606,0.20103585315082687,-4.583422555634737,0.6480835885223962,4.593800479529849
ETH/BTC,2,0.001,2.0,8,-0.7593181582881985,23.5,0.375,1.2664378138685553,-0.3166094534671388,-5.636393452022227,0.2347129784889268,6.248169084259124
ETH/BTC,2,0.001,2.5,5,-4.173237216502956,27.8,0.4,1.5510515651996317,-0.3102103130399263,-8.965535727987561,0.11426248345996273,9.690235042684908
ETH/BTC,2,0.01,1.0,23,-0.6412480861995035,13.217391304347826,0.6086956521739131,0.6111302859756207,0.1328544099947002,-2.5690090318329766,-0.08139057679821363,2.390881730373311
ETH/BTC,2,0.01,1.5,12,-1.891314125608525,17.833333333333332,0.4166666666666667,0.9115277431461308,-0.1519212905243551,-3.8574048411565665,-0.05592275777828694,4.6715478714994125
ETH/BTC,2,0.01,2.0,10,-2.688755784787759,19.1,0.5,0.976082393191266,0.0,-4.207936496545975,0.2573633351446103,4.769575143656397
ETH/BTC,2,0.01,2.5,4,-7.5520906667351095,20.25,0.5,1.0340076240375953,0.0,-7.598118716145824,0.15250166464889653,7.209873115655187
ETH/BTC,3,0.0001,1.0,16,1.966970803043102,20.5,0.5,-0.36976660709266174,-0.0,-3.526070942439031,-0.02770190074637069,3.4854173353372997
ETH/BTC,3,0.0001,1.5,10,3.2242556881671276,22.0,0.7,-0.3420372833449395,-0.13681491333797577,-4.772574344803377,0.0036362068636706987,4.692745494960832
ETH/BTC,3,0.0001,2.0,8,4.914446294848564,22.125,0.625,-0.3420372833449395,-0.08550932083623487,-5.235526342788208,-0.061987373141256796,5.507755638690284
ETH/BTC,3,0.0001,2.5,6,7.10789848052772,16.5,0.6666666666666666,-0.34425019036349497,-0.1147500634544983,-5.160200694991432,-0.021223907896117312,4.802539438552812
ETH/BTC,3,0.001,1.0,19,0.34791977033800386,16.789473684210527,0.5789473684210527,-0.35440172949468307,-0.05595816781494997,-3.3696625228124666,0.16414497721420496,3.4357415033825793
ETH/BTC,3,0.001,1.5,13,-0.12715948421219225,18.846153846153847,0.6153846153846154,-0.36770488059194173,-0.08485497244429427,-3.8211766946775985,0.05799981565832332,4.238604447736841
ETH/BTC,3,0.001,2.0,10,-0.6070763366143118,19.6,0.6,-0.36976660709266174,-0.07395332141853234,-4.8012871505782115,0.10088845971932085,3.65542782643379
ETH/BTC,3,0.001,2.5,6,-5.79669087292818,24.0,0.6666666666666666,-0.30420527853679435,-0.10140175951226477,-7.222906886134151,0.557007112941456,6.75091125306003
ETH/BTC,3,0.01,1.0,24,0.5112940939775346,11.5,0.5833333333333334,-0.29057604097121575,-0.04842934016186931,-1.9202297096190484,0.04952209564954457,2.391393407680364
ETH/BTC,3,0.01,1.5,13,-0.3613086989148744,14.846153846153847,0.46153846153846156,-0.3315185708647282,0.025501428528055998,-3.932542997187438,0.1459254271757544,3.824214578822225
ETH/BTC,3,0.01,2.0,10,-1.9872367055353428,17.6,0.5,-0.3618659426924591,-0.0,-4.7951568115750005,0.1737889592818414,4.394403292366409
ETH/BTC,3,0.01,2.5,5,-6.4600174893422615,19.8,0.8,-0.36976660709266174,-0.22185996425559706,-6.350930944092595,0.48592472171354406,6.679587961397466
ETH/BTC,4,0.0001,1.0,17,1.102724925557635,22.823529411764707,0.7058823529411765,-0.27169677811161624,-0.11187514392831259,-3.3289402922373124,-0.7091005699397653,1.6557923237866403
ETH/BTC,4,0.0001,1.5,11,0.1806577273708495,27.727272727272727,0.8181818181818182,-0.5050703195742146,-0.3214083851835911,-4.081161628078223,-1.1083682319877686,1.3319451651592245
ETH/BTC,4,0.0001,2.0,10,0.09284617626208931,26.9,0.8,-0.45558135061709787,-0.27334881037025877,-4.199721839704387,-1.1177316154139736,1.8509828624206084
ETH/BTC,4,0.0001,2.5,8,1.9312493698060789,25.625,0.75,-0.4001889291635399,-0.20009446458176994,-4.519697451906911,-0.9558441865929949,3.032457047009085
ETH/BTC,4,0.001,1.0,18,0.9701539838950389,16.833333333333332,0.7222222222222222,-0.0540909509549767,-0.02404042264665631,-2.8049332562416702,-0.5572149698875077,1.5775148113547839
ETH/BTC,4,0.001,1.5,11,1.2354022156078934,20.09090909090909,0.7272727272727273,-0.15512692446667875,-0.0705122383939449,-3.2842691530283696,-0.5122098194159154,2.4485312053696333
ETH/BTC,4,0.001,2.0,9,1.8282697405586643,19.555555555555557,0.7777777777777778,-0.15512692446667875,-0.08618162470371042,-3.71870937859833,-0.5633243590480412,2.471791604002069
ETH/BTC,4,0.001,2.5,7,1.3524510870442659,21.428571428571427,0.7142857142857143,-0.18743255904791223,-0.08032823959196239,-4.449052770438378,-0.7580032449970329,2.80332087927598
ETH/BTC,4,0.01,1.0,24,1.7183509853913457,10.25,0.625,0.05455028937496895,0.013637572343742237,-1.706427771128551,-0.24226523972427372,1.4106377814329694
ETH/BTC,4,0.01,1.5,15,1.4423677410950524,12.4,0.6,0.05378204001021622,0.01075640800204324,-1.9738680384624445,-0.21662340354659704,1.785757038263427
ETH/BTC,4,0.01,2.0,10,0.5557227438583622,16.6,0.6,-0.0540909509549767,-0.010818190190995338,-3.45148472425626,-0.4337128353703538,2.236674692162067
ETH/BTC,4,0.01,2.5,6,0.03739527890011529,17.166666666666668,0.8333333333333334,-0.0540909509549767,-0.03606063396998447,-4.6090659510442675,-0.8771615797030072,2.7882166636250694
ETH/BTC,5,0.0001,1.0,19,1.6274933562907736,20.63157894736842,0.7894736842105263,-1.0542505564688072,-0.6103555853240463,-2.873770545527767,-0.43873998222850413,2.03088677479794
ETH/BTC,5,0.0001,1.5,14,1.4487035327810538,23.142857142857142,0.9285714285714286,-1.1643753060790818,-0.9980359766392131,-3.4401554098086162,-0.4999721910683347,2.0048442510654554
ETH/BTC,5,0.0001,2.0,10,0.06479055030248135,27.2,1.0,-1.3565453618329457,-1.3565453618329457,-4.223352602072676,-1.0598532672701544,1.9801646282019603
ETH/BTC,5,0.0001,2.5,9,1.2488068366784262,26.22222222222222,1.0,-1.3123268569063624,-1.3123268569063624,-4.453330781849387,-1.2882290240759158,1.8543173316447892
ETH/BTC,5,0.001,1.0,18,2.1867496212039046,16.666666666666668,0.7222222222222222,-0.8117776160932247,-0.36079005159698874,-3.06219744943422,-0.28457227176236416,2.1178039726980304
ETH/BTC,5,0.001,1.5,14,2.970670710169118,17.714285714285715,0.7142857142857143,-0.8716454040842261,-0.3735623160360969,-3.0011684384428006,-0.2509186375141058,2.545031942729284
ETH/BTC,5,0.001,2.0,11,2.3616958766879055,20.181818181818183,0.8181818181818182,-0.9977833897874304,-0.6349530662283649,-3.5245223240935086,-0.4755182323527325,2.2179891267666583
ETH/BTC,5,0.001,2.5,8,3.821835201474831,20.125,0.75,-0.9977833897874304,-0.4988916948937152,-3.4386798845881845,-0.47607893103106735,3.16396932644122
ETH/BTC,5,0.01,1.0,26,3.2029710367172517,10.076923076923077,0.5769230769230769,-0.42803675624687704,-0.06585180865336565,-1.9135371401695511,0.014245730898480101,1.946806049035148
ETH/BTC,5,0.01,1.5,19,3.666611578054865,10.947368421052632,0.5789473684210527,-0.48365392091663467,-0.07636640856578444,-2.205054537526314,-0.15162018286170392,1.9266576698918785
ETH/BTC,5,0.01,2.0,11,3.0168366743644097,15.0,0.6363636363636364,-0.7012241856049197,-0.19124295971043265,-2.8527939245587284,-0.40973427968874143,2.4476643429049965
ETH/BTC,5,0.01,2.5,8,2.2731847121233413,15.875,0.625,-0.7557373888596701,-0.18893434721491753,-3.746140965440608,-0.30909244732995533,3.167547923415995
ETH/BTC,6,0.0001,1.0,17,-0.40218840758402297,22.235294117647058,0.8235294117647058,-2.01163810146559,-1.301648183301264,-4.2974605708046605,-1.475645559164676,1.717685984710077
ETH/BTC,6,0.0001,1.5,14,-2.5559138009291202,25.714285714285715,0.8571428571428571,-2.360576248461337,-1.6861258917580975,-5.0908668304971725,-1.9801885847233875,1.6726255464946556
ETH/BTC,6,0.0001,2.0,12,-2.421096793124571,27.833333333333332,0.9166666666666666,-2.5500415784337442,-2.1250346486947866,-5.910272408402628,-2.285875223454725,1.604734575656667
ETH/BTC,6,0.0001,2.5,11,-1.743884503479508,26.454545454545453,1.0,-2.360576248461337,-2.360576248461337,-6.6000266432218115,-2.849035271910399,1.5973659287960473
ETH/BTC,6,0.001,1.0,18,0.7756750511305459,19.555555555555557,0.7222222222222222,-1.834860604366357,-0.815493601940603,-3.5242091686748487,-1.1195694241993284,1.9767413575278467
ETH/BTC,6,0.001,1.5,15,1.5369258440407578,20.333333333333332,0.8,-1.834860604366357,-1.1009163626198144,-3.9887139545212213,-0.9301451448006248,1.6966822220851325
ETH/BTC,6,0.001,2.0,13,0.32751517315234496,21.846153846153847,0.8461538461538461,-2.01163810146559,-1.3926725317838702,-5.499077422983614,-1.9333938160945001,1.51308769950388
ETH/BTC,6,0.001,2.5,10,2.478045867121922,21.1,0.8,-1.9241245789814172,-1.1544747473888506,-4.793545064752488,-1.3382611423075745,2.763751973582169
ETH/BTC,6,0.01,1.0,25,2.418199026877446,11.76,0.64,-1.0782619654155865,-0.30191335031636424,-2.3446211590356705,-0.2068560618314986,1.8734368512125161
ETH/BTC,6,0.01,1.5,20,2.853839580945665,12.1,0.6,-1.0782619654155865,-0.21565239308311726,-2.756418681012063,-0.3859336904378837,2.181467238466339
ETH/BTC,6,0.01,2.0,14,2.906754377414669,13.214285714285714,0.6428571428571429,-1.1780043960822462,-0.33657268459492756,-3.1051493778336368,-0.3617922670246194,2.5571446226454415
ETH/BTC,6,0.01,2.5,10,2.390899051361821,14.3,0.6,-1.276881452762421,-0.2553762905524842,-3.8759596444216244,-0.2922710910877031,3.039913374316827
ETH/BTC,7,0.0001,1.0,15,-3.6800897368207894,25.533333333333335,0.9333333333333333,-3.627138425729868,-3.1435199689658857,-9.275857094546307,-3.747767890058392,2.0735969798840315
ETH/BTC,7,0.0001,1.5,14,-4.244669667719663,27.214285714285715,0.9285714285714286,-3.7633881714732325,-3.2257612898341996,-8.010524831456197,-3.8020864214844954,0.9145167401325819
ETH/BTC,7,0.0001,2.0,13,-3.981150803532354,28.0,0.9230769230769231,-3.889667285548782,-3.291256933925893,-8.726464184838843,-3.654136825247515,1.604697880478007
ETH/BTC,7,0.0001,2.5,11,-2.817687720693584,27.90909090909091,1.0,-3.889667285548782,-3.889667285548782,-9.438298918340758,-3.8179116483370468,1.3136158893197818
ETH/BTC,7,0.001,1.0,17,-1.502615777260742,22.705882352941178,0.7647058823529411,-3.197659825633951,-1.6928787312179736,-5.552760359742355,-1.5018463544733018,2.007629884697168
ETH/BTC,7,0.001,1.5,15,-1.4800133953124026,23.733333333333334,0.8666666666666667,-3.3425731042168594,-2.451220276425697,-6.851375284049915,-3.2849360227912943,2.072949749158076
ETH/BTC,7,0.001,2.0,13,-3.262800598247223,24.615384615384617,0.8461538461538461,-3.4872751636580817,-2.4142674209940567,-7.2105850361390065,-2.237105592339308,2.977689807125203
ETH/BTC,7,0.001,2.5,11,-1.4894879365959754,23.90909090909091,0.8181818181818182,-3.3425731042168594,-2.127091975410729,-6.759407640125235,-2.3406945779926867,3.1145639165827292
ETH/BTC,7,0.01,1.0,20,-0.732011577822663,16.05,0.75,-2.16446002946454,-1.08223001473227,-4.655690515873545,-1.3193113003964676,2.2160319436751865
ETH/BTC,7,0.01,1.5,17,-0.4158367714576779,17.235294117647058,0.7058823529411765,-2.318088970902371,-0.9545072233127412,-4.742732682306871,-1.196912492741714,2.9031057356326193
ETH/BTC,7,0.01,2.0,14,0.136091726662965,16.642857142857142,0.7142857142857143,-2.318088970902371,-0.9934667018153018,-5.046786198087617,-1.3223326930645174,3.1572051608927416
ETH/BTC,7,0.01,2.5,10,0.681938592506538,17.8,0.7,-2.476192306925638,-0.990476922770255,-6.042451906123298,-1.108882135039924,4.222303000039669
SOL/BTC,1,0.0001,1.0,14,-26.502538484973456,28.357142857142858,0.14285714285714285,27.934763445437124,-19.953402461026517,-48.10691794775943,-13.867800012799872,8.16856712653428
SOL/BTC,1,0.0001,1.5,13,-29.529749963777952,30.0,0.07692307692307693,30.58594893447418,-25.88041832917046,-49.077540367856116,-17.225764745693024,7.443747097417642
SOL/BTC,1,0.0001,2.0,13,-25.612003962495393,29.923076923076923,0.07692307692307693,30.58594893447418,-25.88041832917046,-53.99464594166178,-19.866001100495506,6.194817978690701
SOL/BTC,1,0.0001,2.5,13,-31.922884164016544,29.692307692307693,0.07692307692307693,30.58594893447418,-25.88041832917046,-59.2369285011356,-19.376392124327772,9.187991710089058
SOL/BTC,1,0.001,1.0,18,-10.993063042895914,22.22222222222222,0.3333333333333333,20.585565701563517,-6.861855233854507,-25.176831788121486,-5.284623863709454,14.550461583006513
SOL/BTC,1,0.001,1.5,12,-22.708686034308815,27.166666666666668,0.3333333333333333,26.61821449719534,-8.87273816573178,-38.13718325859068,-7.710094223628897,18.202391561995118
SOL/BTC,1,0.001,2.0,11,-20.5692013920838,25.09090909090909,0.36363636363636365,24.149935393584546,-6.586346016432148,-27.86637670820428,-4.897876447248266,28.969019175067857
SOL/BTC,1,0.001,2.5,10,-21.058872964238784,26.0,0.4,25.357158689456867,-5.0714317378913725,-34.000186260228375,-1.3519083786345374,27.044363608771054
SOL/BTC,1,0.01,1.0,17,-16.159175003785375,16.058823529411764,0.5294117647058824,14.554679720063614,0.8561576305919775,-13.379511192847156,0.9108188694666297,17.217588541234193
SOL/BTC,1,0.01,1.5,12,-17.112922357423844,16.666666666666668,0.5,15.517046002801864,0.0,-16.92690922503912,1.8009186348244193,20.393297813959066
SOL/BTC,1,0.01,2.0,8,-26.660796815485817,20.75,0.5,19.532582675391332,0.0,-29.626496295858367,-1.5029293026594177,25.51400474649238
SOL/BTC,1,0.01,2.5,6,-33.81918338879628,19.333333333333332,0.3333333333333333,17.47488627368676,-5.824962091228921,-30.812818389749435,-3.706608627368241,20.87978215807467
SOL/BTC,2,0.0001,1.0,15,-5.048106353724202,27.066666666666666,0.6,6.318553784965748,1.2637107569931494,-9.053354283514235,-0.8841175776250152,7.460774692387249
SOL/BTC,2,0.0001,1.5,13,-4.374785945117869,27.076923076923077,0.5384615384615384,6.318553784965748,0.48604259884351875,-9.91685034681445,-0.9216619464212934,10.537596378126324
SOL/BTC,2,0.0001,2.0,12,-3.7742619433421942,27.416666666666668,0.5833333333333334,6.318553784965748,1.0530922974942918,-11.060721070005249,-0.9968444739085089,10.10312430388262
SOL/BTC,2,0.0001,2.5,11,-2.706655559752333,26.90909090909091,0.6363636363636364,6.318553784965748,1.7232419413542948,-11.71186198322891,-1.7070200271668896,8.187169600799246
SOL/BTC,2,0.001,1.0,19,-0.5547378460128719,18.157894736842106,0.5263157894736842,2.9313552940776444,0.15428185758303375,-7.5080176056286705,-0.34334724692950824,6.321132978419254
SOL/BTC,2,0.001,1.5,11,-5.25086191087057,23.636363636363637,0.6363636363636364,4.97309096338905,1.3562975354697409,-11.541988938865744,-2.421433100318274,6.584760806017528
SOL/BTC,2,0.001,2.0,10,-0.74433589952732,21.5,0.7,4.20684749391133,1.6827389975645317,-12.263956108297485,-1.7460678628124744,8.827550090058242
SOL/BTC,2,0.001,2.5,9,-2.7436376534508042,22.0,0.7777777777777778,4.20684749391133,2.3371374966174057,-13.066258829900995,-3.0831824493544318,7.862204510570519
SOL/BTC,2,0.01,1.0,18,-6.071223089419962,15.222222222222221,0.5,2.072638091551731,0.0,-6.899576567903268,0.40090277342322866,6.413194060178503
SOL/BTC,2,0.01,1.5,12,-10.07274867580273,19.083333333333332,0.5833333333333334,3.237754872006991,0.5396258120011653,-9.313895523881195,-1.0346063024201717,8.458088358841872
SOL/BTC,2,0.01,2.0,11,-7.703721895913469,18.545454545454547,0.6363636363636364,3.237754872006991,0.8830240560019066,-11.254060903262992,-0.9717640531861012,7.784128491405076
SOL/BTC,2,0.01,2.5,6,-7.025309921700868,18.833333333333332,0.5,3.237754872006991,0.0,-12.480372219588991,0.6621093154192179,14.031644666209512
SOL/BTC,3,0.0001,1.0,13,-0.7391239929344382,28.384615384615383,0.9230769230769231,-6.019522000653031,-5.0934416928602575,-13.511138709018505,-4.3412177406856465,7.019609157974034
SOL/BTC,3,0.0001,1.5,12,-0.11957782227474138,28.166666666666668,0.9166666666666666,-6.019522000653031,-5.016268333877525,-14.531259843203513,-4.173468549699508,8.16800478270911
SOL/BTC,3,0.0001,2.0,12,1.4423850943536334,28.083333333333332,0.9166666666666666,-6.019522000653031,-5.016268333877525,-13.038108412195372,-4.568439024253145,5.477076603599768
SOL/BTC,3,0.0001,2.5,11,1.3372144131014385,29.363636363636363,1.0,-6.168849859522882,-6.168849859522882,-16.1168978943566,-5.878685141721771,6.904085321651165
SOL/BTC,3,0.001,1.0,16,1.8969657350777536,19.4375,0.6875,-4.372213054858523,-1.6395798955719463,-9.62893972919153,-1.9362012127733776,7.123454023119157
SOL/BTC,3,0.001,1.5,10,2.493320620341094,24.0,0.8,-5.3892455510207125,-3.233547330612428,-14.696302141798112,-3.199363304916283,9.570747595487118
SOL/BTC,3,0.001,2.0,8,12.416962980180427,19.625,0.875,-4.597545327878632,-3.4481589959089742,-13.072534190024655,-2.296313765524027,8.258893773397324
SOL/BTC,3,0.001,2.5,8,12.537817553374133,18.5,0.875,-4.138902411086565,-3.1041768083149233,-14.078559411177393,-2.6744909335004943,8.067423692665095
SOL/BTC,3,0.01,1.0,20,-3.103132288979885,14.0,0.55,-3.2114030515943126,-0.32114030515943154,-6.798831917929998,-0.17821895954658534,6.619961250129845
SOL/BTC,3,0.01,1.5,15,-0.8580995936836188,15.466666666666667,0.5333333333333333,-3.4383593927569827,-0.22922395951713212,-6.650066175065823,0.1867765272628874,7.7285930300397
SOL/BTC,3,0.01,2.0,10,-1.4321049396411698,16.4,0.6,-3.669812457684584,-0.7339624915369166,-10.562686076986482,-1.0113887848869378,9.520759949605287
SOL/BTC,3,0.01,2.5,6,-1.9074120463815127,19.333333333333332,0.5,-4.372213054858523,-0.0,-12.754411410279545,-0.2992367651721691,13.24488535181806
SOL/BTC,4,0.0001,1.0,15,-3.17197875239671,22.8,0.8,3.446615207367211,2.0679691244203267,-6.8784349693069995,3.478301564058624,15.229656599129225
SOL/BTC,4,0.0001,1.5,13,-6.275891850629071,23.23076923076923,0.8461538461538461,3.446615207367211,2.3861182204849922,-10.666543639771024,3.49918018503398,16.38303950731766
SOL/BTC,4,0.0001,2.0,12,-8.507759962317463,24.75,0.8333333333333334,3.66398602848355,2.442657352322367,-9.675686088381482,2.2581891844400523,18.28425887662737
SOL/BTC,4,0.0001,2.5,8,-4.405068748884047,27.5,0.875,3.8817323347595036,2.911299251069628,-13.792885930535126,2.7247285790528935,18.82767185128569
SOL/BTC,4,0.001,1.0,15,-4.4649991092927825,23.0,0.6666666666666666,3.446615207367211,1.14887173578907,-7.401274274980474,1.5482272700079767,13.100525681857258
SOL/BTC,4,0.001,1.5,10,-6.289493739950764,26.0,0.6,3.732059449205936,0.746411889841187,-13.098061669661169,0.8265373170634329,15.533203243740672
SOL/BTC,4,0.001,2.0,8,-4.5581634190470615,23.25,0.625,3.446615207367211,0.8616538018418027,-14.605593924363099,0.8893522882143341,17.221187783484336
SOL/BTC,4,0.001,2.5,5,-0.9486088305227426,23.0,0.8,3.446615207367211,2.0679691244203267,-16.160292169823755,2.380132895911175,26.064651643744437
SOL/BTC,4,0.01,1.0,19,-5.866059636008904,14.105263157894736,0.47368421052631576,2.331527993745156,-0.1227119996707978,-6.767196160310568,0.17242377792062985,6.388785619930417
SOL/BTC,4,0.01,1.5,13,-4.214818197260252,16.076923076923077,0.38461538461538464,2.6084857130183594,-0.6019582414657751,-12.224807904380269,-1.0953835243262553,9.805681583800524
SOL/BTC,4,0.01,2.0,8,-11.280068936306986,18.875,0.375,2.9797128816466842,-0.7449282204116711,-15.25583175254181,0.6697160129288979,11.265344128733142
SOL/BTC,4,0.01,2.5,7,-4.067240241007455,19.142857142857142,0.2857142857142857,2.9797128816466842,-1.2770198064200076,-16.884035869331235,-0.9273184384939694,12.255611799436368
SOL/BTC,5,0.0001,1.0,15,-7.593245692904934,28.533333333333335,0.3333333333333333,7.605588038425045,-2.5351960128083486,-15.793479468529405,-2.731209027958889,9.005591829966638
SOL/BTC,5,0.0001,1.5,14,-5.888001433328323,27.428571428571427,0.35714285714285715,7.095920729796382,-2.027405922798966,-12.731195521243936,-2.1375249882523653,10.581408548694547
SOL/BTC,5,0.0001,2.0,11,-6.755789271980513,28.636363636363637,0.36363636363636365,7.605588038425045,-2.0742512832068303,-15.534692493844286,-2.2442419694261897,9.967392468040881
SOL/BTC,5,0.0001,2.5,9,-10.245296896416352,29.22222222222222,0.2222222222222222,7.605588038425045,-4.225326688013914,-18.001938859764984,-4.903535759243516,7.923250544214113
SOL/BTC,5,0.001,1.0,14,-5.235353827633462,24.0,0.42857142857142855,6.327299026500262,-0.9038998609286092,-11.381838694986051,-1.6050666601577133,7.346147757373452
SOL/BTC,5,0.001,1.5,9,-10.780634346508062,28.0,0.3333333333333333,7.361160801997649,-2.45372026733255,-16.59357979138776,-3.4704060674309303,12.420478714800772
SOL/BTC,5,0.001,2.0,9,-8.891173903602272,26.77777777777778,0.3333333333333333,7.095920729796382,-2.3653069099321278,-16.315250975858493,-2.6031394016223146,10.929493044453446
SOL/BTC,5,0.001,2.5,4,-4.16279883683074,29.0,0.25,7.605588038425045,-3.8027940192125227,-24.283018459511702,-4.79213143565479,16.737176730897346
SOL/BTC,5,0.01,1.0,18,-5.687483367842187,15.222222222222221,0.5,4.016133326549545,0.0,-8.681282103623554,-0.35472679309636723,6.628972264515505
SOL/BTC,5,0.01,1.5,12,-3.582251736796337,16.25,0.4166666666666667,4.2709526309125945,-0.7118254384854322,-10.392756651307627,-0.7866261249441906,7.123392669964066
SOL/BTC,5,0.01,2.0,7,-7.8662180717704855,18.857142857142858,0.2857142857142857,5.083857218097449,-2.1787959506131926,-14.826204265189812,-3.4422088398533566,8.514793781345901
SOL/BTC,5,0.01,2.5,6,-3.6566538840903617,19.666666666666668,0.16666666666666666,5.323775280123085,-3.549183520082057,-20.69145644520553,-2.873506825662246,9.984551482239107
SOL/BTC,6,0.0001,1.0,17,-5.380420220255198,23.0,0.058823529411764705,6.1218417238416665,-5.401625050448529,-15.477011572914542,-6.042652620113532,1.166390995340039
SOL/BTC,6,0.0001,1.5,15,-7.066159232121948,25.333333333333332,0.06666666666666667,6.689619255339888,-5.79767002129457,-16.952065798650672,-7.081350617192144,1.6304867219891859
SOL/BTC,6,0.0001,2.0,11,-9.492742443316256,28.454545454545453,0.0,7.542300748042286,-7.542300748042286,-23.169017224467282,-8.907740935697166,2.0122172266406904
SOL/BTC,6,0.0001,2.5,9,-3.9913102792645674,26.77777777777778,0.0,7.253314586991348,-7.253314586991348,-21.438181523287387,-7.856884671811167,2.950366588025135
SOL/BTC,6,0.001,1.0,17,-1.8006101793697733,18.176470588235293,0.29411764705882354,4.715208809303288,-1.9415565685366478,-11.431609971605827,-1.628110622280028,3.992020144747325
SOL/BTC,6,0.001,1.5,13,-2.567382417056995,19.384615384615383,0.3076923076923077,4.99778529881246,-1.9222251149278688,-10.986985652093457,-1.734998774054178,5.23407644361935
SOL/BTC,6,0.001,2.0,10,-5.909482695048895,20.0,0.1,5.273467898181282,-4.218774318545026,-15.810937318957132,-4.456203189343075,3.9931510629015032
SOL/BTC,6,0.001,2.5,5,-9.630021900625849,25.8,0.0,6.97420429908359,-6.97420429908359,-28.305109242356664,-7.006749572068895,5.008909280811083
SOL/BTC,6,0.01,1.0,25,-0.483871440680106,10.76,0.52,2.9591399074973492,0.11836559629989407,-4.0348989256865275,0.06489150050465835,4.2815732720394495
SOL/BTC,6,0.01,1.5,14,-0.06348945577888328,11.714285714285714,0.35714285714285715,3.1977748418299785,-0.9136499548085653,-7.282147396137876,-0.763642283145034,4.168831606731661
SOL/BTC,6,0.01,2.0,9,-0.8745944866045269,13.11111111111111,0.1111111111111111,3.4322349994025148,-2.6695161106464003,-12.244742800153487,-3.161303455114446,3.7142406872618823
SOL/BTC,6,0.01,2.5,5,-5.302891213655964,17.2,0.0,4.447152994471877,-4.447152994471877,-19.172275206156677,-4.006873771326024,6.3236771717934115
SOL/BTC,7,0.0001,1.0,19,4.550727791672191,17.68421052631579,0.5789473684210527,-1.0060009307630107,-0.15884225222573858,-4.3923801959572755,0.05335107292487798,4.600031040659038
SOL/BTC,7,0.0001,1.5,14,6.619314559252445,18.571428571428573,0.6428571428571429,-1.0604924807836689,-0.30299785165247695,-5.307171514168333,-0.7567905240713819,4.63023407297326
SOL/BTC,7,0.0001,2.0,12,6.811566092264003,20.166666666666668,0.5833333333333334,-1.1085763913339792,-0.1847627318889966,-5.215885791216858,-0.419860485390984,5.191172424705618
SOL/BTC,7,0.0001,2.5,6,3.5551992404603756,26.666666666666668,0.6666666666666666,-1.4592712678681585,-0.48642375595605275,-8.364459533704125,-0.9667183623387363,8.313500321390565
SOL/BTC,7,0.001,1.0,20,4.6231730084105855,15.0,0.55,-0.8342772300781857,-0.08342772300781864,-3.8842724911989803,-0.3933680534835847,3.703420911244087
SOL/BTC,7,0.001,1.5,14,6.835649336987964,15.857142857142858,0.5714285714285714,-0.8921418567505734,-0.12744883667865328,-4.946783276975318,-0.15848722272329724,5.027912541038814
SOL/BTC,7,0.001,2.0,10,6.965872009952955,16.9,0.4,-0.9499764144678635,0.18999528289357265,-5.680505675359887,-0.0445356177296846,5.736657714849921
SOL/BTC,7,0.001,2.5,5,8.292062507765271,23.4,0.6,-1.2193478825713404,-0.24386957651426802,-9.346314638264221,0.11398514953580925,10.292881692988832
SOL/BTC,7,0.01,1.0,29,2.365577329994714,11.068965517241379,0.5862068965517241,-0.5897280891021095,-0.10167725674174295,-3.1419585195585307,-0.2968135792047691,2.7391498657265445
SOL/BTC,7,0.01,1.5,16,2.5232160497891103,12.1875,0.5,-0.6541334450059441,-0.0,-4.174307053113853,0.14842147603892364,3.839777307732407
SOL/BTC,7,0.01,2.0,12,5.134453135788413,10.083333333333334,0.4166666666666667,-0.5219038416847788,0.08698397361412978,-4.2370377436673925,0.17046210725495659,4.1612886288332485
SOL/BTC,7,0.01,2.5,5,5.640962179555451,12.4,0.4,-0.6541334450059441,0.1308266890011888,-7.777140218154412,0.2060925520709045,7.7502413438440465
DOGE/BTC,1,0.0001,1.0,18,-40.28455907826927,22.22222222222222,0.5,35.31972308270672,0.0,-52.56414196833578,-0.543451669890453,40.241894227901014
DOGE/BTC,1,0.0001,1.5,11,-40.722813453751996,27.272727272727273,0.5454545454545454,45.48208306838999,4.134734824399087,-58.65482901772541,0.6019004789423748,66.4372583366129
DOGE/BTC,1,0.0001,2.0,10,-36.33989801937033,26.3,0.6,43.323452643064726,8.664690528612944,-58.59860534241861,1.2774613968516393,64.82648720273241
DOGE/BTC,1,0.0001,2.5,9,-41.947892509757224,26.77777777777778,0.5555555555555556,45.48208306838999,5.053564785376667,-62.05841065565808,0.4182598770512573,59.942432010873944
DOGE/BTC,1,0.001,1.0,15,-35.36272127542516,21.933333333333334,0.6666666666666666,35.31972308270672,11.773241027568906,-35.36287419624007,1.9403490060914634,49.49283825378977
DOGE/BTC,1,0.001,1.5,14,-29.31470917789205,21.071428571428573,0.6428571428571429,33.19599690288178,9.484570543680512,-46.035686325625456,0.895693110957396,60.66601163701991
DOGE/BTC,1,0.001,2.0,10,-45.26130297927769,24.1,0.6,39.39089848165649,7.878179696331297,-52.15466845361679,2.0243053085943155,71.03119601027238
DOGE/BTC,1,0.001,2.5,5,-53.82147188990086,27.4,0.6,45.48208306838999,9.096416613677995,-93.97123697828593,0.37345363981476326,106.9656106098342
DOGE/BTC,1,0.01,1.0,20,-27.211135912605776,14.35,0.6,20.505160565432725,4.101032113086544,-21.628406629202377,0.8346498590953195,26.86545160777015
DOGE/BTC,1,0.01,1.5,15,-28.158658273009724,13.733333333333333,0.6,20.505160565432725,4.101032113086544,-28.94588202491916,0.39394324535384107,35.614508586451336
DOGE/BTC,1,0.01,2.0,9,-50.41945546581162,15.0,0.3333333333333333,22.220929083914445,-7.406976361304816,-45.70959720018804,0.30246771732092137,37.53359779716753
DOGE/BTC,1,0.01,2.5,6,-78.1893470925571,16.333333333333332,0.16666666666666666,24.071472480309783,-16.047648320206523,-68.46990973102723,0.7450981714205263,17.374251216595848
DOGE/BTC,2,0.0001,1.0,17,1.3740347785831166,22.294117647058822,0.7647058823529411,0.49241422200672585,0.2606898822388548,-7.643809182362585,-0.17915436929381462,8.547878025411945
DOGE/BTC,2,0.0001,1.5,14,1.0236155430235045,23.928571428571427,0.7857142857142857,0.5546754462920371,0.31695739788116406,-8.474073064694903,0.2295600728662795,9.483054089672473
DOGE/BTC,2,0.0001,2.0,12,1.4380763815245257,24.5,0.75,0.5546754462920371,0.27733772314601857,-11.58460003277811,0.6649285664560405,11.710645355260816
DOGE/BTC,2,0.0001,2.5,8,-8.133246202263553,28.875,0.875,0.8430412996560351,0.6322809747420264,-9.949342690687859,-0.0978737789040135,14.532936040016281
DOGE/BTC,2,0.001,1.0,18,0.7946534940955223,19.72222222222222,0.5555555555555556,0.4240979519518788,0.04712199466131989,-7.9471316735401825,0.30207448006892057,10.558934252049438
DOGE/BTC,2,0.001,1.5,17,1.1918543741146819,18.941176470588236,0.5882352941176471,0.40615889707739655,0.07167509948424647,-7.4278295286034215,0.3066894179259769,10.025095979277829
DOGE/BTC,2,0.001,2.0,10,-2.8728110306114396,22.6,0.6,0.5240122568234299,0.10480245136468595,-10.293933287073763,-0.8427425944647602,8.022747733266593
DOGE/BTC,2,0.001,2.5,6,-3.6167217558227325,24.666666666666668,0.5,0.5921231983549428,0.0,-14.51708125529449,0.7492217772957923,13.383843719730933
DOGE/BTC,2,0.01,1.0,21,-1.2449529471151988,12.571428571428571,0.5238095238095238,0.2023738366635681,0.009636849364931824,-5.686687226831309,0.3115746022735248,5.360079858205907
DOGE/BTC,2,0.01,1.5,16,0.8157564212327353,11.375,0.5,0.16816925468118774,0.0,-6.529536959519217,0.48753255202992474,7.554390672384437
DOGE/BTC,2,0.01,2.0,10,-1.6483781452209534,13.7,0.3,0.23362291352506365,-0.09344916541002546,-9.083111961804107,1.1080861145247025,8.888381227696682
DOGE/BTC,2,0.01,2.5,7,-2.9240677543667863,13.571428571428571,0.14285714285714285,0.23362291352506365,-0.16687350966075976,-13.832504004901518,0.43683678709830714,8.451230191314082
DOGE/BTC,3,0.0001,1.0,15,0.3729666490133692,20.666666666666668,0.6,-0.5089768756763242,-0.10179537513526482,-8.422175669928157,0.02370948358122346,10.370952582460745
DOGE/BTC,3,0.0001,1.5,13,-0.8823229322558513,22.153846153846153,0.6923076923076923,-0.5577616634183492,-0.21452371669936507,-9.052810727040976,-0.21233014543037787,10.70399065678215
DOGE/BTC,3,0.0001,2.0,9,-1.2709149246892788,24.11111111111111,0.5555555555555556,-0.6535398741340671,-0.07261554157045193,-13.001348913195446,-1.6030583035634633,11.38508710427146
DOGE/BTC,3,0.0001,2.5,7,-7.368220894659479,26.571428571428573,0.7142857142857143,-0.7736875338340619,-0.3315803716431694,-11.457299587693193,0.49408298163884246,17.274420668517262
DOGE/BTC,3,0.001,1.0,17,-0.10786184495469152,20.11764705882353,0.5882352941176471,-0.4638703591100796,-0.0818594751370729,-8.326764457369611,-0.37780521884759166,7.530553235660234
DOGE/BTC,3,0.001,1.5,14,-2.3819963915306723,21.928571428571427,0.5714285714285714,-0.5577616634183492,-0.07968023763119271,-8.699717788893514,-0.5193421305001857,7.866911351704112
DOGE/BTC,3,0.001,2.0,8,-6.093344087377888,24.125,0.625,-0.6535398741340671,-0.16338496853351678,-12.778512591156533,0.017226761924408418,12.818629203743479
DOGE/BTC,3,0.001,2.5,6,-6.445820611470111,25.166666666666668,0.5,-0.69889514971646,-0.0,-15.297985015723397,0.6004918352257878,14.44625922744424
DOGE/BTC,3,0.01,1.0,17,-2.872952177812374,14.647058823529411,0.47058823529411764,-0.29331893479372306,0.017254054987866068,-7.351901890196815,0.07253970696983678,6.345013908391357
DOGE/BTC,3,0.01,1.5,13,-2.440274202421361,13.461538461538462,0.46153846153846156,-0.20706064112266276,0.0159277416248202,-8.775403417427912,-0.5747253669638653,5.445654918848781
DOGE/BTC,3,0.01,2.0,9,-4.654633769811816,15.555555555555555,0.3333333333333333,-0.3241085182287617,0.10803617274292057,-12.935389743474646,-0.22806264229595719,9.778362559179936
DOGE/BTC,3,0.01,2.5,7,-4.301172465359255,15.0,0.2857142857142857,-0.29331893479372306,0.12570811491159561,-15.716495332062525,0.20431583164829942,8.958149583394679
DOGE/BTC,4,0.0001,1.0,15,-2.8511937658010296,24.0,0.7333333333333333,-0.16065406420772985,-0.07497189663027391,-8.235544677733944,-0.5427768982861241,7.171236461060776
DOGE/BTC,4,0.0001,1.5,14,-2.6141843616733533,24.785714285714285,0.7857142857142857,-0.18665696923942673,-0.10666112527967242,-8.397807339965178,-1.012380920904465,7.493018689812138
DOGE/BTC,4,0.0001,2.0,10,-4.624840791074804,29.4,0.8,-0.25834477525563826,-0.15500686515338297,-11.767436843544438,-0.20594163407117755,12.306667475805096
DOGE/BTC,4,0.0001,2.5,9,-6.473958298667526,28.0,0.8888888888888888,-0.2459725206470381,-0.19131196050325183,-8.71642515744628,-0.9338690919364514,15.468291715447021
DOGE/BTC,4,0.001,1.0,18,0.07864883494567382,19.055555555555557,0.6666666666666666,-0.06443682670994666,-0.021478942236648882,-6.020217770294265,-0.1199597127915834,6.665847326334935
DOGE/BTC,4,0.001,1.5,15,-0.00923030842258168,18.066666666666666,0.6666666666666666,-0.061936478595508854,-0.020645492865169614,-8.262565837068733,-0.5144448249612129,7.200884784658723
DOGE/BTC,4,0.001,2.0,10,-2.8372770247838517,18.9,0.7,-0.06443682670994666,-0.025774730683978658,-9.485189624326674,-0.8846431789389994,8.215002350692394
DOGE/BTC,4,0.001,2.5,8,-3.7420499310044937,21.625,0.625,-0.1148362483596339,-0.028709062089908473,-10.769679776541347,-0.30046729529907634,12.95251674704685
DOGE/BTC,4,0.01,1.0,21,-0.7724872215131665,12.761904761904763,0.5714285714285714,-0.07150163586683295,-0.010214519409547559,-4.9475116059605915,0.06039402193004076,6.120260829308038
DOGE/BTC,4,0.01,1.5,14,-2.3829643251921686,12.0,0.5,-0.06308959578124539,-0.0,-6.696745320960481,0.299477463593136,7.517586993835436
DOGE/BTC,4,0.01,2.0,10,-3.0288323666805503,12.5,0.5,-0.06308959578124539,-0.0,-9.088448578576852,0.11447305109795661,9.715731305452758
DOGE/BTC,4,0.01,2.5,10,-0.5194238085753851,10.6,0.5,-0.04556046790555896,-0.0,-7.72608397586124,0.020299188749798747,9.581579416094359
DOGE/BTC,5,0.0001,1.0,15,0.642683129928818,25.8,0.8,-2.4679740355599606,-1.4807844213359767,-6.290401890778156,-1.2661321781440003,5.567078523306906
DOGE/BTC,5,0.0001,1.5,13,0.8852280147082059,26.46153846153846,0.8461538461538461,-2.4679740355599606,-1.708597409233819,-7.961212289722136,-0.5752681492419324,7.913966993854171
DOGE/BTC,5,0.0001,2.0,12,1.9436883213283513,27.666666666666668,0.8333333333333334,-2.5989148409568332,-1.7326098939712224,-6.862457301160097,-0.6457597706891294,7.537005660961575
DOGE/BTC,5,0.0001,2.5,10,3.2962937408797117,27.5,0.9,-2.5989148409568332,-2.079131872765467,-7.210779504113718,-1.564825697460266,7.714389115244588
DOGE/BTC,5,0.001,1.0,17,0.07245941584855252,19.41176470588235,0.7058823529411765,-1.8705187064994977,-0.7702135850292051,-5.556642902769216,-0.7705864315476816,4.2193982214631465
DOGE/BTC,5,0.001,1.5,15,1.928369197739115,16.866666666666667,0.7333333333333333,-1.6848403541833048,-0.7862588319522087,-4.860717877840028,-0.1847394258629959,6.14155609647754
DOGE/BTC,5,0.001,2.0,11,0.2352279456266179,18.363636363636363,0.7272727272727273,-1.7797681177554026,-0.8089855080706376,-7.483879134388095,-0.8630052484246016,5.715894899477822
DOGE/BTC,5,0.001,2.5,9,1.584679376333556,21.0,0.6666666666666666,-2.0422306884976016,-0.6807435628325337,-7.5982279934063,-0.2830804881898076,8.978266555354882
DOGE/BTC,5,0.01,1.0,22,-0.05449849568811988,13.272727272727273,0.5909090909090909,-1.3034362137771984,-0.23698840250494524,-3.8720988786449144,-0.13937924437025512,4.1018139474980515
DOGE/BTC,5,0.01,1.5,15,-0.527516172263032,13.466666666666667,0.5333333333333333,-1.3034362137771984,-0.08689574758514654,-4.064631257364723,0.163470639757977,4.980518174551992
DOGE/BTC,5,0.01,2.0,14,0.675160400711295,12.5,0.5714285714285714,-1.1892882067518866,-0.16989831525026944,-4.6941429390771665,-0.20756982830983223,4.559555951382502
DOGE/BTC,5,0.01,2.5,12,3.8823444191218712,11.0,0.5833333333333334,-1.0857541084569307,-0.1809590180761552,-5.498449544849969,-0.021874531781699253,4.926295021458377
DOGE/BTC,6,0.0001,1.0,17,-1.1610956856679746,23.941176470588236,0.6470588235294118,4.287732260006331,1.2610977235312741,-7.311903644366557,1.519889310648591,13.233981089904944
DOGE/BTC,6,0.0001,1.5,13,-5.158037066462229,25.846153846153847,0.7692307692307693,4.738690279068713,2.551602457960077,-9.087002545411094,2.2934485119642525,15.305093343596294
DOGE/BTC,6,0.0001,2.0,12,0.7102471199967901,25.583333333333332,0.75,4.738690279068713,2.3693451395343565,-8.982161084390532,2.6232684581935866,17.023352982615005
DOGE/BTC,6,0.0001,2.5,11,-2.2104306882807765,24.363636363636363,0.8181818181818182,4.287732260006331,2.728556892731302,-7.534809810375114,2.601361479765427,18.80994576229644
DOGE/BTC,6,0.001,1.0,18,-4.029255760717423,18.38888888888889,0.6111111111111112,3.0729396549379597,0.6828754788751025,-6.918223264573406,0.4748107510327162,7.651067567973302
DOGE/BTC,6,0.001,1.5,17,-2.274127644221379,17.470588235294116,0.6470588235294118,2.878373237344263,0.8465803639247835,-7.053034207972315,1.3511024113006682,9.754897928082235
DOGE/BTC,6,0.001,2.0,13,-3.5373899345095055,19.076923076923077,0.6153846153846154,3.265953809565622,0.7536816483612977,-9.140068932284345,0.5269334536446035,9.77799747809347
DOGE/BTC,6,0.001,2.5,9,-9.095878662759205,23.77777777777778,0.5555555555555556,4.287732260006331,0.47641469555625926,-12.874846260011743,0.5285775957721094,15.766563838431583
DOGE/BTC,6,0.01,1.0,26,-2.8038323188311987,11.423076923076923,0.5384615384615384,1.7558855894023582,0.13506812226171977,-4.706969727186567,0.003681327773738128,5.544764360696543
DOGE/BTC,6,0.01,1.5,19,-3.707224520914262,11.368421052631579,0.47368421052631576,1.7558855894023582,-0.09241503102117683,-5.883317140221388,-0.053715379253268816,6.056136766202263
DOGE/BTC,6,0.01,2.0,13,-5.363448029062685,11.076923076923077,0.5384615384615384,1.7558855894023582,0.13506812226171977,-6.5444773092500474,0.3025890086888022,6.725647226809678
DOGE/BTC,6,0.01,2.5,10,-4.614763195141517,10.0,0.5,1.5902997549787963,0.0,-7.167053278417861,-0.06445382639825237,5.729988858108174
DOGE/BTC,7,0.0001,1.0,16,-4.615968373911311,26.375,0.5625,1.9574042658693727,0.24467553323367158,-11.09662204092015,0.39806718421075477,11.632898590978431
DOGE/BTC,7,0.0001,1.5,13,-4.1350083241158,27.923076923076923,0.6153846153846154,2.245161427905315,0.5181141756704575,-11.944645235020245,-0.39077220405293756,14.66690752622788
DOGE/BTC,7,0.0001,2.0,12,-0.6968003209109389,27.083333333333332,0.5833333333333334,2.088839283014838,0.34813988050247313,-12.18319955312459,-0.5872014227075089,12.17053859920596
DOGE/BTC,7,0.0001,2.5,8,-9.939134747446207,24.875,0.75,1.825312130908067,0.9126560654540335,-11.608243171490967,0.13204003110854057,18.138248551222908
DOGE/BTC,7,0.001,1.0,16,-7.191928207896623,22.0625,0.625,1.5090128200606798,0.37725320501516996,-9.9729468657102,-0.5320544910002292,10.177029110734248
DOGE/BTC,7,0.001,1.5,15,-5.581451668610567,20.866666666666667,0.6,1.4157652419593403,0.283153048391868,-10.174103504263986,0.019976665316983916,11.8163655030855
DOGE/BTC,7,0.001,2.0,12,-6.766172031345804,23.166666666666668,0.5833333333333334,1.60956620452734,0.2682610340878901,-11.692817017311112,0.7010783196335317,12.53781475280498
DOGE/BTC,7,0.001,2.5,8,-10.881183809014253,28.125,0.5,2.245161427905315,0.0,-17.208559227665955,-0.09774388039955695,17.06404299448132
DOGE/BTC,7,0.01,1.0,22,-4.130613961796388,14.545454545454545,0.5909090909090909,0.9014790962654515,0.16390529023008216,-6.335120260633965,-0.28965037273252436,5.710828017985558
DOGE/BTC,7,0.01,1.5,17,-4.746878252088954,15.647058823529411,0.5294117647058824,0.9913920988841355,0.0583171822873021,-8.83030241053251,0.01585774143075928,6.505946671777812
DOGE/BTC,7,0.01,2.0,9,-9.117443925007965,16.444444444444443,0.4444444444444444,0.9913920988841355,-0.11015467765379289,-9.725794038084816,0.14103445960270028,10.40676050681697
DOGE/BTC,7,0.01,2.5,7,-11.701880548239615,16.714285714285715,0.42857142857142855,1.0755788715384795,-0.15365412450549712,-13.341527967922021,-0.0956338731809573,11.753257850221507
