pair,fold,beta_med,beta_p10,beta_p90
ETH/BTC,1,1.0371960627975865,0.9492629194281371,1.0543384636127664
ETH/BTC,2,1.05944897315737,0.9996759429656858,1.1864548262285124
ETH/BTC,3,1.2250151704593213,1.1578244290465158,1.295719172811059
ETH/BTC,4,1.1036935084958455,1.0154113032241652,1.4350063755077644
ETH/BTC,5,0.7914075839594287,0.774930535023489,0.8292089280465871
ETH/BTC,6,0.8665658432186114,0.766681428020364,0.9056309031877813
ETH/BTC,7,0.9593039120102198,0.8602079125295067,1.0282367229095888
BNB/BTC,1,1.3477039706986758,1.2566027333525696,1.667151161105031
BNB/BTC,2,0.8899512227097862,0.8299242730433656,0.9125379020067657
BNB/BTC,3,0.9311052174531379,0.8191921967842593,0.9931887739622901
BNB/BTC,4,0.7048036729185394,0.6290705307074889,0.8664669921917263
BNB/BTC,5,0.5352023686003542,0.4830017045554382,0.5828800835089342
BNB/BTC,6,0.6280003011180633,0.4634299665801792,0.7699627850649311
BNB/BTC,7,0.7083181623247852,0.673552548873178,0.7867834726483479
SOL/BTC,1,0.9891417694335214,0.8890851834626682,1.0572131291113631
SOL/BTC,2,1.0409726154722452,0.8071951449392532,1.2004082329460302
SOL/BTC,3,1.419510214181853,1.2304535771772938,1.5438433752023168
SOL/BTC,4,1.6901050560616415,1.3291390047394986,2.0689853876291666
SOL/BTC,5,1.3349421242730457,1.2898705699522504,1.4576895841238444
SOL/BTC,6,1.2770050517753169,1.225494381092843,1.5567735480285496
SOL/BTC,7,1.1358623392563592,1.0044901002085802,1.2147674362880883
ADA/BTC,1,0.994850527170114,0.9403076869504975,1.1900702174100655
ADA/BTC,2,0.9518459461975768,0.7784315240678766,1.0384632919869548
ADA/BTC,3,1.0284150625226651,0.945876371874579,1.1949420149041665
ADA/BTC,4,0.868201491616631,0.8401011179569315,0.9556539042101472
ADA/BTC,5,0.8163918540181181,0.7754372749484696,0.8625460793325317
ADA/BTC,6,0.9323508414448238,0.8969727492853707,1.041122713878147
ADA/BTC,7,0.9703339377594189,0.9184231036345529,1.3268580842687845
XRP/BTC,1,1.0937129219813524,1.0232992202197928,1.1621996606052023
XRP/BTC,2,1.0029977699537338,0.9376164504131781,1.0944180441789277
XRP/BTC,3,0.891749313891626,0.7896129678068442,1.040914323625456
XRP/BTC,4,0.6890926072014759,0.6347432278756893,0.8447051886276173
XRP/BTC,5,0.5502926953090073,0.4676899651982721,0.5808169584222181
XRP/BTC,6,0.7534154351931464,0.6605994555320069,1.315836234632352
XRP/BTC,7,0.7700267356972332,0.6275951886729463,1.1469680567860088
LTC/BTC,1,1.1508397111628392,1.0254830594990056,1.2025151338954865
LTC/BTC,2,1.052411602178835,1.0157660638479382,1.148547132588863
LTC/BTC,3,0.9713326016957609,0.8857757632098587,1.1285098280612134
LTC/BTC,4,0.8068066253103936,0.7628840598835794,0.8736849884060274
LTC/BTC,5,0.7100269163196475,0.6412305273187602,0.8095624188648136
LTC/BTC,6,0.7611346151839237,0.7201738614694323,1.504401792071534
LTC/BTC,7,0.7648428810303125,0.7192208042813946,0.8709109538131541
LINK/BTC,1,1.0423941906929368,0.7958338874524381,1.0772701861144973
LINK/BTC,2,1.0853210689336787,1.0276652642447697,1.1588506885560033
LINK/BTC,3,1.0761430441665778,0.9779402624055196,1.1294931503688863
LINK/BTC,4,1.0186233087711587,0.9083639117044444,1.161619864976236
LINK/BTC,5,0.8355403254634148,0.6789561466835548,0.9638780804519285
LINK/BTC,6,1.0336419818370557,0.9611343427244237,1.3905969183741997
LINK/BTC,7,0.9359466397073785,0.6687894392694089,1.1360390649361238
TRX/BTC,1,1.0307274676996907,0.9592066220348188,1.1564306175658967
TRX/BTC,2,0.7631532354581338,0.6930693876863887,0.8268608163591238
TRX/BTC,3,0.6315631006387812,0.5904789338373436,0.7517183236132867
TRX/BTC,4,0.5018527687369942,0.45000344623491245,0.5391088348487211
TRX/BTC,5,0.44451663726342827,0.3666837517166186,0.4952754777473742
TRX/BTC,6,0.287638394717965,0.24835186443513857,0.3632439390227273
TRX/BTC,7,0.2417871231285394,0.17291164307492007,0.3680470705233606
DOGE/BTC,1,1.2279099204367414,1.1592206905280609,1.485824972981762
DOGE/BTC,2,0.9700100838486905,0.9313109506354444,1.088763750619207
DOGE/BTC,3,0.974429201017651,0.9013068553215887,1.1252258735309306
DOGE/BTC,4,0.9504041339422389,0.9021046293989833,1.3157589717698308
DOGE/BTC,5,0.680808040788749,0.6419528094334481,0.9614399236403464
DOGE/BTC,6,1.2254123388121756,0.7816397536925067,1.4495751423988894
DOGE/BTC,7,1.561822848587084,1.4268990194131845,1.7270219464103764
AVAX/BTC,1,1.4150752146574315,1.3814401327852468,1.5902414602187784
AVAX/BTC,2,1.1660510952888241,0.8240254080063282,1.2288628500563659
AVAX/BTC,3,1.455868900929905,1.3245687943314786,1.5069312257044976
AVAX/BTC,4,1.2694967732791884,1.1960842809169867,1.511709311282022
AVAX/BTC,5,1.0551635672675395,1.0232397905557251,1.1324199821962653
AVAX/BTC,6,1.1245298991027506,1.014212932505323,1.197729354758151
AVAX/BTC,7,1.1517479955588583,0.963186811652253,1.2272189126623574
NEAR/BTC,1,1.0838334437121335,1.0018638515640013,1.1696287577709301
NEAR/BTC,2,1.1068835661285974,0.7612450997693259,1.21657517807484
NEAR/BTC,3,1.414080361255698,1.3052944817810834,1.5236562818447439
NEAR/BTC,4,1.3529426685835966,1.2596018042045316,1.6249207783991635
NEAR/BTC,5,1.1079701301919136,1.0647208803430182,1.235176930073559
NEAR/BTC,6,1.301710462340747,1.0043972396446335,1.3852455561396164
NEAR/BTC,7,1.3935360268739214,1.346946768665446,1.46509453806983
UNI/BTC,1,0.9358205067946741,0.6500511136157566,0.9712970816376582
UNI/BTC,2,1.1198155069757059,0.9907053739167814,1.1673848844888348
UNI/BTC,3,1.2021907039960356,1.0394190462699875,1.3308425176595404
UNI/BTC,4,0.9939955473833266,0.9299546198166958,1.3713683386581488
UNI/BTC,5,0.7131598120394507,0.6505983264840549,0.8003801549755879
UNI/BTC,6,0.9530805614723189,0.7270267995492943,1.2553719711967015
UNI/BTC,7,1.0828994951945663,1.0051024348779745,1.1715016767148672
HBAR/BTC,1,0.9666788319473191,0.9404195937333238,1.0696828655392017
HBAR/BTC,2,0.899751502293658,0.75490941515073,0.9165214257024412
HBAR/BTC,3,0.9745715352082455,0.9258542356550613,1.0446038657023866
HBAR/BTC,4,0.9134898694313038,0.8537692980375144,1.0719485650715064
HBAR/BTC,5,0.830170782906581,0.7881153038225084,0.8725932796226521
HBAR/BTC,6,0.804900903473867,0.5033222762928528,0.8672009055963823
HBAR/BTC,7,0.96576093670167,0.8589986191644551,1.2764254139908235
ZEC/BTC,1,1.1894266670229467,1.1031737647097084,1.2469224551892484
ZEC/BTC,2,1.1418107800511448,0.9837314231297,1.182199479636133
ZEC/BTC,3,1.193382532952031,0.9931640938164742,1.3890967077591236
ZEC/BTC,4,0.8763739278638552,0.8352218904912033,1.1479745137999227
ZEC/BTC,5,0.6414686155627665,0.5725980796774968,0.7222237045344206
ZEC/BTC,6,0.7799571983368363,0.5699355830021066,1.1177615128789502
ZEC/BTC,7,0.8079102253511947,0.6847519534352875,0.8491944702276231
